document,line,section,number,kind,source,context
main,7,ABSTRACT,0.20,ledger,C32.value;C66.ci1;C79c.value,Research on private equity and employment has largely explained variation in post-transaction outcomes through
main,11,ABSTRACT,34,artifact,I01:estimates.deal_month_counts.2;I01:estimates.deal_month_counts.4;I02:runtime_s,"JEL classification: G34 , G24 , J23 , J63"
main,11,ABSTRACT,24,constant/count,,"JEL classification: G34 , G24 , J23 , J63"
main,11,ABSTRACT,23,artifact,I01:estimates.deal_month_counts.7;I01:estimates.deal_month_counts.10;I05:runtime_s,"JEL classification: G34 , G24 , J23 , J63"
main,11,ABSTRACT,63,artifact,I61:estimates.panelA_treated_path.q2.n_hi,"JEL classification: G34 , G24 , J23 , J63"
main,19,1. Introduction,379,constant/count,,We study this question using monthly Korean National Pension records linked to private equity investments iden
main,19,1. Introduction,286,constant/count,,We study this question using monthly Korean National Pension records linked to private equity investments iden
main,19,1. Introduction,+1,constant/count,,We study this question using monthly Korean National Pension records linked to private equity investments iden
main,19,1. Introduction,+12,constant/count,,We study this question using monthly Korean National Pension records linked to private equity investments iden
main,21,1. Introduction,0.7101,ledger,D01.value;D03b.value;D09.value,Firms that enter the transaction with lower hiring intensity subsequently increase hiring much more than firms
main,21,1. Introduction,95,constant/count,,Firms that enter the transaction with lower hiring intensity subsequently increase hiring much more than firms
main,21,1. Introduction,0.3187,ledger,E01h.ci0;C98e.ci0,Firms that enter the transaction with lower hiring intensity subsequently increase hiring much more than firms
main,21,1. Introduction,1.1254,ledger,E01h.ci1;C98e.ci1,Firms that enter the transaction with lower hiring intensity subsequently increase hiring much more than firms
main,21,1. Introduction,0,constant/count,,Firms that enter the transaction with lower hiring intensity subsequently increase hiring much more than firms
main,21,1. Introduction,0.0900,ledger,E01k.ci0,Firms that enter the transaction with lower hiring intensity subsequently increase hiring much more than firms
main,21,1. Introduction,0.3177,ledger,E01k.ci1,Firms that enter the transaction with lower hiring intensity subsequently increase hiring much more than firms
main,21,1. Introduction,22,ledger,G03b.value,Firms that enter the transaction with lower hiring intensity subsequently increase hiring much more than firms
main,21,1. Introduction,9,constant/count,,Firms that enter the transaction with lower hiring intensity subsequently increase hiring much more than firms
main,23,1. Introduction,"1,246",constant/count,,"Mean reversion cannot be assessed against a zero benchmark. We therefore apply the same matching, state constr"
main,23,1. Introduction,0.101,ledger,C5a.value;D01a.value;E01a.value,"Mean reversion cannot be assessed against a zero benchmark. We therefore apply the same matching, state constr"
main,23,1. Introduction,0.1538,ledger,E01b.value,"Mean reversion cannot be assessed against a zero benchmark. We therefore apply the same matching, state constr"
main,23,1. Introduction,0.6091,ledger,E01e.value,"Mean reversion cannot be assessed against a zero benchmark. We therefore apply the same matching, state constr"
main,23,1. Introduction,3.96,ledger,E01d.value,"Mean reversion cannot be assessed against a zero benchmark. We therefore apply the same matching, state constr"
main,25,1. Introduction,286,constant/count,,Balancing the pre-deal state changes the counterfactual rather than the pattern among treated firms. On the 28
main,25,1. Introduction,0.4698,ledger,D03.value,Balancing the pre-deal state changes the counterfactual rather than the pattern among treated firms. On the 28
main,25,1. Introduction,0.7101,ledger,D01.value;D03b.value;D09.value,Balancing the pre-deal state changes the counterfactual rather than the pattern among treated firms. On the 28
main,25,1. Introduction,0.295,ledger,D04b.value;E07.ci1,Balancing the pre-deal state changes the counterfactual rather than the pattern among treated firms. On the 28
main,25,1. Introduction,0.0056,ledger,D04c.value,Balancing the pre-deal state changes the counterfactual rather than the pattern among treated firms. On the 28
main,27,1. Introduction,0.6315,ledger,D07.value,The result is also present when hiring is measured without employment in the denominator. The gradient in the 
main,27,1. Introduction,0.6957,ledger,D08.value,The result is also present when hiring is measured without employment in the denominator. The gradient in the 
main,27,1. Introduction,0.3816,ledger,D09a.value,The result is also present when hiring is measured without employment in the denominator. The gradient in the 
main,27,1. Introduction,-0.0580,ledger,D09d.value,The result is also present when hiring is measured without employment in the denominator. The gradient in the 
main,27,1. Introduction,0.1788,ledger,D09h.value,The result is also present when hiring is measured without employment in the denominator. The gradient in the 
main,29,1. Introduction,180,constant/count,,This distinction connects the result to two strands of the private equity literature. Davis et al. (2014) show
main,93,3.2 Private equity sample and supplement,79,constant/count,,The Korean sample differs from the public-to-private buyouts that feature prominently in much of the U.S. evid
main,97,3.2 Private equity sample and supplement,752,constant/count,,"Starting from 752 identified private equity investment events, 168 cannot be linked to a pension record, 120 l"
main,97,3.2 Private equity sample and supplement,168,ledger,C91.value,"Starting from 752 identified private equity investment events, 168 cannot be linked to a pension record, 120 l"
main,97,3.2 Private equity sample and supplement,120,ledger,C91a.value,"Starting from 752 identified private equity investment events, 168 cannot be linked to a pension record, 120 l"
main,97,3.2 Private equity sample and supplement,75,ledger,C91b.value,"Starting from 752 identified private equity investment events, 168 cannot be linked to a pension record, 120 l"
main,97,3.2 Private equity sample and supplement,10,constant/count,,"Starting from 752 identified private equity investment events, 168 cannot be linked to a pension record, 120 l"
main,97,3.2 Private equity sample and supplement,379,constant/count,,"Starting from 752 identified private equity investment events, 168 cannot be linked to a pension record, 120 l"
main,97,3.2 Private equity sample and supplement,367,constant/count,,"Starting from 752 identified private equity investment events, 168 cannot be linked to a pension record, 120 l"
main,99,3.2 Private equity sample and supplement,379,constant/count,,The primary state-gradient analysis imposes stricter requirements because the target’s hiring state must also 
main,99,3.2 Private equity sample and supplement,17,ledger,G03a.value,The primary state-gradient analysis imposes stricter requirements because the target’s hiring state must also 
main,99,3.2 Private equity sample and supplement,22,ledger,G03b.value,The primary state-gradient analysis imposes stricter requirements because the target’s hiring state must also 
main,99,3.2 Private equity sample and supplement,286,constant/count,,The primary state-gradient analysis imposes stricter requirements because the target’s hiring state must also 
main,99,3.2 Private equity sample and supplement,301,constant/count,,The primary state-gradient analysis imposes stricter requirements because the target’s hiring state must also 
main,99,3.2 Private equity sample and supplement,286,constant/count,,The primary state-gradient analysis imposes stricter requirements because the target’s hiring state must also 
main,99,3.2 Private equity sample and supplement,180,constant/count,,The primary state-gradient analysis imposes stricter requirements because the target’s hiring state must also 
main,99,3.2 Private equity sample and supplement,301,constant/count,,The primary state-gradient analysis imposes stricter requirements because the target’s hiring state must also 
main,99,3.2 Private equity sample and supplement,180,constant/count,,The primary state-gradient analysis imposes stricter requirements because the target’s hiring state must also 
main,99,3.2 Private equity sample and supplement,752,constant/count,,The primary state-gradient analysis imposes stricter requirements because the target’s hiring state must also 
main,157,3.2 Private equity sample and supplement,752,constant/count,,"Notes. Panel A reports sample construction, Panel B describes targets at the transaction month, Panel C report"
main,157,3.2 Private equity sample and supplement,200,constant/count,,"Notes. Panel A reports sample construction, Panel B describes targets at the transaction month, Panel C report"
main,159,3.2 Private equity sample and supplement,79.8,ledger,C97.value,Table 1 also makes clear that the matched population is not a random cross-section of private equity targets. 
main,159,3.2 Private equity sample and supplement,135.6,ledger,C97a.value,Table 1 also makes clear that the matched population is not a random cross-section of private equity targets. 
main,171,4.1 Matching and the pre-deal hiring sta,379,constant/count,,"For the average-effect analysis, we match each private equity target to five nearest untreated firms observed "
main,171,4.1 Matching and the pre-deal hiring sta,0.786,artifact-abs,I37:estimates.rows.6.nd_pool (sign written as magnitude),"For the average-effect analysis, we match each private equity target to five nearest untreated firms observed "
main,171,4.1 Matching and the pre-deal hiring sta,0.095,ledger,C64.value;C90anp.value,"For the average-effect analysis, we match each private equity target to five nearest untreated firms observed "
main,173,4.1 Matching and the pre-deal hiring sta,0.9,ledger,C35.ci1;C94b.ci1;C94c.ci1,"Within each exact cell, the five nearest neighbours are selected using a scaled Euclidean distance based on lo"
main,173,4.1 Matching and the pre-deal hiring sta,0.35,ledger,C26.value;C58.value;C86.value,"Within each exact cell, the five nearest neighbours are selected using a scaled Euclidean distance based on lo"
main,173,4.1 Matching and the pre-deal hiring sta,-1,constant/count,,"Within each exact cell, the five nearest neighbours are selected using a scaled Euclidean distance based on lo"
main,173,4.1 Matching and the pre-deal hiring sta,2,constant/count,,"Within each exact cell, the five nearest neighbours are selected using a scaled Euclidean distance based on lo"
main,173,4.1 Matching and the pre-deal hiring sta,5,constant/count,,"Within each exact cell, the five nearest neighbours are selected using a scaled Euclidean distance based on lo"
main,173,4.1 Matching and the pre-deal hiring sta,10,constant/count,,"Within each exact cell, the five nearest neighbours are selected using a scaled Euclidean distance based on lo"
main,173,4.1 Matching and the pre-deal hiring sta,20,constant/count,,"Within each exact cell, the five nearest neighbours are selected using a scaled Euclidean distance based on lo"
main,173,4.1 Matching and the pre-deal hiring sta,50,constant/count,,"Within each exact cell, the five nearest neighbours are selected using a scaled Euclidean distance based on lo"
main,173,4.1 Matching and the pre-deal hiring sta,100,constant/count,,"Within each exact cell, the five nearest neighbours are selected using a scaled Euclidean distance based on lo"
main,173,4.1 Matching and the pre-deal hiring sta,250,constant/count,,"Within each exact cell, the five nearest neighbours are selected using a scaled Euclidean distance based on lo"
main,173,4.1 Matching and the pre-deal hiring sta,-10,constant/count,,"Within each exact cell, the five nearest neighbours are selected using a scaled Euclidean distance based on lo"
main,173,4.1 Matching and the pre-deal hiring sta,+10,constant/count,,"Within each exact cell, the five nearest neighbours are selected using a scaled Euclidean distance based on lo"
main,173,4.1 Matching and the pre-deal hiring sta,5,constant/count,,"Within each exact cell, the five nearest neighbours are selected using a scaled Euclidean distance based on lo"
main,173,4.1 Matching and the pre-deal hiring sta,15,constant/count,,"Within each exact cell, the five nearest neighbours are selected using a scaled Euclidean distance based on lo"
main,181,4.1 Matching and the pre-deal hiring sta,286,constant/count,,"For the primary gradient analysis, we add a tercile of  to the exact matching cell and rematch the eligible ev"
main,181,4.1 Matching and the pre-deal hiring sta,0.036,ledger,C93a.value;D08a.value,"For the primary gradient analysis, we add a tercile of  to the exact matching cell and rematch the eligible ev"
main,181,4.1 Matching and the pre-deal hiring sta,0.008,ledger,C14.value,"For the primary gradient analysis, we add a tercile of  to the exact matching cell and rematch the eligible ev"
main,181,4.1 Matching and the pre-deal hiring sta,0.366,ledger,C83a.value;D05d.value,"For the primary gradient analysis, we add a tercile of  to the exact matching cell and rematch the eligible ev"
main,181,4.1 Matching and the pre-deal hiring sta,0.761,ledger,D05e.value,"For the primary gradient analysis, we add a tercile of  to the exact matching cell and rematch the eligible ev"
main,193,4.2 Outcome and estimation,+1,constant/count,,"The main outcome compares hiring over the twelve months before and after the transaction. For each firm, we ca"
main,193,4.2 Outcome and estimation,+12,constant/count,,"The main outcome compares hiring over the twelve months before and after the transaction. For each firm, we ca"
main,205,4.2 Outcome and estimation,5,constant/count,,The primary specification winsorises the outcome at the 5th and 95th percentiles of the treated sample. The sa
main,205,4.2 Outcome and estimation,95,constant/count,,The primary specification winsorises the outcome at the 5th and 95th percentiles of the treated sample. The sa
main,211,4.3 Inference,"1,246",constant/count,,We estimate that background relationship directly from untreated firms. Each matched control firm is treated i
main,211,4.3 Inference,"2,000",constant/count,,We estimate that background relationship directly from untreated firms. Each matched control firm is treated i
main,219,4.3 Inference,286,constant/count,,Confidence intervals are obtained by resampling matched target-control groups so that each target and its cont
main,219,4.3 Inference,"1,144",constant/count,,Confidence intervals are obtained by resampling matched target-control groups so that each target and its cont
main,219,4.3 Inference,95,constant/count,,Confidence intervals are obtained by resampling matched target-control groups so that each target and its cont
main,231,5.1 Average post-investment responses,0.0878,ledger,C52.value,Private equity targets increase both employment and hiring relative to their matched controls. Twelve months a
main,231,5.1 Average post-investment responses,0.0462,ledger,C52.ci0,Private equity targets increase both employment and hiring relative to their matched controls. Twelve months a
main,231,5.1 Average post-investment responses,0.1300,ledger,C52.ci1,Private equity targets increase both employment and hiring relative to their matched controls. Twelve months a
main,231,5.1 Average post-investment responses,9,constant/count,,Private equity targets increase both employment and hiring relative to their matched controls. Twelve months a
main,231,5.1 Average post-investment responses,0.0485,ledger,C2.value,Private equity targets increase both employment and hiring relative to their matched controls. Twelve months a
main,231,5.1 Average post-investment responses,0.0163,ledger,C2.ci0,Private equity targets increase both employment and hiring relative to their matched controls. Twelve months a
main,231,5.1 Average post-investment responses,0.0814,ledger,C2.ci1,Private equity targets increase both employment and hiring relative to their matched controls. Twelve months a
main,231,5.1 Average post-investment responses,4.85,artifact-pct,I01:estimates.panelB_timing_blur.B1.DiD (x100);I04b:estimates.panelD_by_inertia.T1저관성.log_wage|h3.ci.1 (x100),Private equity targets increase both employment and hiring relative to their matched controls. Twelve months a
main,231,5.1 Average post-investment responses,367,constant/count,,Private equity targets increase both employment and hiring relative to their matched controls. Twelve months a
main,233,5.1 Average post-investment responses,0.0007,ledger,C4.value;C69.value,"The corresponding change in the separation rate is 0.0007 [−0.0353, 0.0398]. The interval excludes a separatio"
main,233,5.1 Average post-investment responses,-0.0353,ledger,C4.ci0,"The corresponding change in the separation rate is 0.0007 [−0.0353, 0.0398]. The interval excludes a separatio"
main,233,5.1 Average post-investment responses,0.0398,ledger,C4.ci1,"The corresponding change in the separation rate is 0.0007 [−0.0353, 0.0398]. The interval excludes a separatio"
main,233,5.1 Average post-investment responses,1.159,ledger,C1.value,"The corresponding change in the separation rate is 0.0007 [−0.0353, 0.0398]. The interval excludes a separatio"
main,233,5.1 Average post-investment responses,1.083,ledger,C1.ci0,"The corresponding change in the separation rate is 0.0007 [−0.0353, 0.0398]. The interval excludes a separatio"
main,233,5.1 Average post-investment responses,1.241,ledger,C1.ci1,"The corresponding change in the separation rate is 0.0007 [−0.0353, 0.0398]. The interval excludes a separatio"
main,246,5.1 Average post-investment responses,999,constant/count,,Notes. Estimates compare each target's change with the mean change among its matched controls. Employment is m
main,250,5.2 Hiring responses by pre-deal hiring ,0.7101,ledger,D01.value;D03b.value;D09.value,The average effect conceals substantial variation across targets. Firms entering the transaction with lower hi
main,250,5.2 Hiring responses by pre-deal hiring ,95,constant/count,,The average effect conceals substantial variation across targets. Firms entering the transaction with lower hi
main,250,5.2 Hiring responses by pre-deal hiring ,0.3187,ledger,E01h.ci0;C98e.ci0,The average effect conceals substantial variation across targets. Firms entering the transaction with lower hi
main,250,5.2 Hiring responses by pre-deal hiring ,1.1254,ledger,E01h.ci1;C98e.ci1,The average effect conceals substantial variation across targets. Firms entering the transaction with lower hi
main,250,5.2 Hiring responses by pre-deal hiring ,0,constant/count,,The average effect conceals substantial variation across targets. Firms entering the transaction with lower hi
main,250,5.2 Hiring responses by pre-deal hiring ,0.0900,ledger,E01k.ci0,The average effect conceals substantial variation across targets. Firms entering the transaction with lower hi
main,250,5.2 Hiring responses by pre-deal hiring ,0.3177,ledger,E01k.ci1,The average effect conceals substantial variation across targets. Firms entering the transaction with lower hi
main,250,5.2 Hiring responses by pre-deal hiring ,22,ledger,G03b.value,The average effect conceals substantial variation across targets. Firms entering the transaction with lower hi
main,252,5.2 Hiring responses by pre-deal hiring ,"1,246",constant/count,,"Low-hiring untreated firms also rebound to some extent. The placebo distribution generated from 1,246 untreate"
main,252,5.2 Hiring responses by pre-deal hiring ,0.101,ledger,C5a.value;D01a.value;E01a.value,"Low-hiring untreated firms also rebound to some extent. The placebo distribution generated from 1,246 untreate"
main,252,5.2 Hiring responses by pre-deal hiring ,0.1538,ledger,E01b.value,"Low-hiring untreated firms also rebound to some extent. The placebo distribution generated from 1,246 untreate"
main,252,5.2 Hiring responses by pre-deal hiring ,0.6091,ledger,E01e.value,"Low-hiring untreated firms also rebound to some extent. The placebo distribution generated from 1,246 untreate"
main,252,5.2 Hiring responses by pre-deal hiring ,3.96,ledger,E01d.value,"Low-hiring untreated firms also rebound to some extent. The placebo distribution generated from 1,246 untreate"
main,257,5.2 Hiring responses by pre-deal hiring ,4,constant/count,,"Notes. Panel (a) plots the quarterly path of the hiring rate — hires per worker per quarter, treated minus the"
main,257,5.2 Hiring responses by pre-deal hiring ,1,constant/count,,"Notes. Panel (a) plots the quarterly path of the hiring rate — hires per worker per quarter, treated minus the"
main,257,5.2 Hiring responses by pre-deal hiring ,95,constant/count,,"Notes. Panel (a) plots the quarterly path of the hiring rate — hires per worker per quarter, treated minus the"
main,257,5.2 Hiring responses by pre-deal hiring ,5,constant/count,,"Notes. Panel (a) plots the quarterly path of the hiring rate — hires per worker per quarter, treated minus the"
main,257,5.2 Hiring responses by pre-deal hiring ,361,ledger,R01.n;R08.value;R08.n,"Notes. Panel (a) plots the quarterly path of the hiring rate — hires per worker per quarter, treated minus the"
main,257,5.2 Hiring responses by pre-deal hiring ,353,ledger,R02.n;R07.n,"Notes. Panel (a) plots the quarterly path of the hiring rate — hires per worker per quarter, treated minus the"
main,257,5.2 Hiring responses by pre-deal hiring ,1,constant/count,,"Notes. Panel (a) plots the quarterly path of the hiring rate — hires per worker per quarter, treated minus the"
main,257,5.2 Hiring responses by pre-deal hiring ,249,ledger,R06.n,"Notes. Panel (a) plots the quarterly path of the hiring rate — hires per worker per quarter, treated minus the"
main,257,5.2 Hiring responses by pre-deal hiring ,12,constant/count,,"Notes. Panel (a) plots the quarterly path of the hiring rate — hires per worker per quarter, treated minus the"
main,257,5.2 Hiring responses by pre-deal hiring ,286,constant/count,,"Notes. Panel (a) plots the quarterly path of the hiring rate — hires per worker per quarter, treated minus the"
main,257,5.2 Hiring responses by pre-deal hiring ,95,constant/count,,"Notes. Panel (a) plots the quarterly path of the hiring rate — hires per worker per quarter, treated minus the"
main,257,5.2 Hiring responses by pre-deal hiring ,"1,246",constant/count,,"Notes. Panel (a) plots the quarterly path of the hiring rate — hires per worker per quarter, treated minus the"
main,257,5.2 Hiring responses by pre-deal hiring ,"2,000",constant/count,,"Notes. Panel (a) plots the quarterly path of the hiring rate — hires per worker per quarter, treated minus the"
main,257,5.2 Hiring responses by pre-deal hiring ,+0.101,ledger,C5a.value;D01a.value;E01a.value,"Notes. Panel (a) plots the quarterly path of the hiring rate — hires per worker per quarter, treated minus the"
main,257,5.2 Hiring responses by pre-deal hiring ,0.710,ledger,D01.value;D03b.value;D09.value,"Notes. Panel (a) plots the quarterly path of the hiring rate — hires per worker per quarter, treated minus the"
main,257,5.2 Hiring responses by pre-deal hiring ,0.0005,ledger,D01c.value;E01c.value;E02c.value,"Notes. Panel (a) plots the quarterly path of the hiring rate — hires per worker per quarter, treated minus the"
main,257,5.2 Hiring responses by pre-deal hiring ,3.96,ledger,E01d.value,"Notes. Panel (a) plots the quarterly path of the hiring rate — hires per worker per quarter, treated minus the"
main,291,5.2 Hiring responses by pre-deal hiring ,+1,constant/count,,Notes. The outcome in Panels A and B is the treated-minus-control change in the log hiring rate from months −1
main,291,5.2 Hiring responses by pre-deal hiring ,+12,constant/count,,Notes. The outcome in Panels A and B is the treated-minus-control change in the log hiring rate from months −1
main,291,5.2 Hiring responses by pre-deal hiring ,5,constant/count,,Notes. The outcome in Panels A and B is the treated-minus-control change in the log hiring rate from months −1
main,291,5.2 Hiring responses by pre-deal hiring ,95,constant/count,,Notes. The outcome in Panels A and B is the treated-minus-control change in the log hiring rate from months −1
main,291,5.2 Hiring responses by pre-deal hiring ,"2,000",constant/count,,Notes. The outcome in Panels A and B is the treated-minus-control change in the log hiring rate from months −1
main,291,5.2 Hiring responses by pre-deal hiring ,286,constant/count,,Notes. The outcome in Panels A and B is the treated-minus-control change in the log hiring rate from months −1
main,293,5.2 Hiring responses by pre-deal hiring ,286,constant/count,,State balancing changes the control path rather than the pattern among treated firms. On the 286 events common
main,293,5.2 Hiring responses by pre-deal hiring ,0.4698,ledger,D03.value,State balancing changes the control path rather than the pattern among treated firms. On the 286 events common
main,293,5.2 Hiring responses by pre-deal hiring ,0.7101,ledger,D01.value;D03b.value;D09.value,State balancing changes the control path rather than the pattern among treated firms. On the 286 events common
main,293,5.2 Hiring responses by pre-deal hiring ,0.8425,ledger,D04.value;D04a.value,State balancing changes the control path rather than the pattern among treated firms. On the 286 events common
main,293,5.2 Hiring responses by pre-deal hiring ,0.295,ledger,D04b.value;E07.ci1,State balancing changes the control path rather than the pattern among treated firms. On the 286 events common
main,293,5.2 Hiring responses by pre-deal hiring ,0.0056,ledger,D04c.value,State balancing changes the control path rather than the pattern among treated firms. On the 286 events common
main,295,5.2 Hiring responses by pre-deal hiring ,0.268,ledger,E06.value,Alternative winsorisation choices and transformations that retain zero-hiring windows give gradients in the sa
main,295,5.2 Hiring responses by pre-deal hiring ,0.141,artifact,I14:estimates.panelC_dose.D3 고지분.rel_ci.1;I14:estimates.panelC_dose.다수>=50%.DiD_ci.1;I16:estimates.panelB_pct_dose.소수<50%.rel,Alternative winsorisation choices and transformations that retain zero-hiring windows give gradients in the sa
main,297,5.2 Hiring responses by pre-deal hiring ,0.410,ledger,C62.value,The pattern is also more closely related to the firm’s broader recent hiring history than to a short pause imm
main,297,5.2 Hiring responses by pre-deal hiring ,0.078,ledger,C18.value;C62.ci0,The pattern is also more closely related to the firm’s broader recent hiring history than to a short pause imm
main,297,5.2 Hiring responses by pre-deal hiring ,0.753,ledger,C62.ci1,The pattern is also more closely related to the firm’s broader recent hiring history than to a short pause imm
main,297,5.2 Hiring responses by pre-deal hiring ,0.559,ledger,C35.value,The pattern is also more closely related to the firm’s broader recent hiring history than to a short pause imm
main,297,5.2 Hiring responses by pre-deal hiring ,0.241,ledger,C35.ci0,The pattern is also more closely related to the firm’s broader recent hiring history than to a short pause imm
main,297,5.2 Hiring responses by pre-deal hiring ,0.885,ledger,C35.ci1,The pattern is also more closely related to the firm’s broader recent hiring history than to a short pause imm
main,297,5.2 Hiring responses by pre-deal hiring ,0.040,ledger,C4.ci1;C11.ci1;C34.value,The pattern is also more closely related to the firm’s broader recent hiring history than to a short pause imm
main,297,5.2 Hiring responses by pre-deal hiring ,0.536,artifact,I19c:estimates.panelA_sidak.② 법인 인수.sidak_p;I41:estimates.panelD_transitory_vs_structural.joint_과거 비활동.coef,The pattern is also more closely related to the firm’s broader recent hiring history than to a short pause imm
main,297,5.2 Hiring responses by pre-deal hiring ,0.032,artifact,I04:estimates.panelB_by_inertia.T1 저관성.h1.log_wage.ci.1;I04:estimates.panelB_by_inertia.T3 고관성.h1.log_wage.ci.1;I04b:estimates.panelD_by_inertia.T1저관성.log_wage|h1.ci.1,The pattern is also more closely related to the firm’s broader recent hiring history than to a short pause imm
main,297,5.2 Hiring responses by pre-deal hiring ,63.9,artifact-pct,I02:estimates.panelA_hazard_by_duration.d=2.t_pre (x100);I02:estimates.panelD_hazard_profile.처치_사전.1 (x100),The pattern is also more closely related to the firm’s broader recent hiring history than to a short pause imm
main,299,5.2 Hiring responses by pre-deal hiring ,1.4,ledger,C9.ci1,"The administrative entry records also behave largely as worker inflows. Across the monthly panel, the median a"
main,299,5.2 Hiring responses by pre-deal hiring ,0.365,ledger,E05.value,"The administrative entry records also behave largely as worker inflows. Across the monthly panel, the median a"
main,301,5.2 Hiring responses by pre-deal hiring ,0.6315,ledger,D07.value,The result is not driven by employment in the denominator. Replacing the hiring rate with the raw log count of
main,301,5.2 Hiring responses by pre-deal hiring ,0.1795,ledger,D07a.value,The result is not driven by employment in the denominator. Replacing the hiring rate with the raw log count of
main,301,5.2 Hiring responses by pre-deal hiring ,0.6957,ledger,D08.value,The result is not driven by employment in the denominator. Replacing the hiring rate with the raw log count of
main,301,5.2 Hiring responses by pre-deal hiring ,0.0363,ledger,D08a.value,The result is not driven by employment in the denominator. Replacing the hiring rate with the raw log count of
main,301,5.2 Hiring responses by pre-deal hiring ,-0.0580,ledger,D09d.value,The result is not driven by employment in the denominator. Replacing the hiring rate with the raw log count of
main,301,5.2 Hiring responses by pre-deal hiring ,0.7101,ledger,D01.value;D03b.value;D09.value,The result is not driven by employment in the denominator. Replacing the hiring rate with the raw log count of
main,305,5.3 Gross worker-flow adjustment,-0.0580,ledger,D09d.value,"Net employment varies differently with the pre-deal hiring state. The gradient in log employment is −0.0580, c"
main,305,5.3 Gross worker-flow adjustment,0.0796,ledger,D09e.value,"Net employment varies differently with the pre-deal hiring state. The gradient in log employment is −0.0580, c"
main,305,5.3 Gross worker-flow adjustment,9,constant/count,,"Net employment varies differently with the pre-deal hiring state. The gradient in log employment is −0.0580, c"
main,307,5.3 Gross worker-flow adjustment,0.3816,ledger,D09a.value,"Worker churn, by contrast, moves in the same direction as hiring. Its state gradient is 0.3816, with a standar"
main,307,5.3 Gross worker-flow adjustment,3.08,ledger,D09b.value;E07b.value,"Worker churn, by contrast, moves in the same direction as hiring. Its state gradient is 0.3816, with a standar"
main,307,5.3 Gross worker-flow adjustment,0.7536,ledger,D10.value,"Worker churn, by contrast, moves in the same direction as hiring. Its state gradient is 0.3816, with a standar"
main,307,5.3 Gross worker-flow adjustment,0.0232,ledger,D10a.value,"Worker churn, by contrast, moves in the same direction as hiring. Its state gradient is 0.3816, with a standar"
main,307,5.3 Gross worker-flow adjustment,0.4539,ledger,D10c.value,"Worker churn, by contrast, moves in the same direction as hiring. Its state gradient is 0.3816, with a standar"
main,325,5.3 Gross worker-flow adjustment,0.1788,ledger,D09h.value,The separation-rate gradient is positive at 0.1788 but imprecise relative to its placebo distribution (z ). Th
main,333,6. Validity and alternative explanations,0.101,ledger,C5a.value;D01a.value;E01a.value,The first concern is built directly into the untreated pseudo-event benchmark. Low-hiring control firms are al
main,333,6. Validity and alternative explanations,0.7101,ledger,D01.value;D03b.value;D09.value,The first concern is built directly into the untreated pseudo-event benchmark. Low-hiring control firms are al
main,335,6. Validity and alternative explanations,-0.0777,ledger,H06.value,Pre-deal outcomes provide evidence on whether such a factor was already visible before the transaction. The pr
main,335,6. Validity and alternative explanations,-0.4394,ledger,H06b.ci0,Pre-deal outcomes provide evidence on whether such a factor was already visible before the transaction. The pr
main,335,6. Validity and alternative explanations,0.0854,ledger,H06b.ci1,Pre-deal outcomes provide evidence on whether such a factor was already visible before the transaction. The pr
main,335,6. Validity and alternative explanations,250,constant/count,,Pre-deal outcomes provide evidence on whether such a factor was already visible before the transaction. The pr
main,335,6. Validity and alternative explanations,0.7101,ledger,D01.value;D03b.value;D09.value,Pre-deal outcomes provide evidence on whether such a factor was already visible before the transaction. The pr
main,337,6. Validity and alternative explanations,283,ledger,H01.n,Using the usual state window gives a similar ordering but is less clean because the state and earlier outcome 
main,337,6. Validity and alternative explanations,0.1068,ledger,H01.value,Using the usual state window gives a similar ordering but is less clean because the state and earlier outcome 
main,337,6. Validity and alternative explanations,-0,constant/count,,Using the usual state window gives a similar ordering but is less clean because the state and earlier outcome 
main,337,6. Validity and alternative explanations,0.4351,ledger,H01.ci1,Using the usual state window gives a similar ordering but is less clean because the state and earlier outcome 
main,337,6. Validity and alternative explanations,0.7250,ledger,H02.value,Using the usual state window gives a similar ordering but is less clean because the state and earlier outcome 
main,337,6. Validity and alternative explanations,0.3259,ledger,H02.ci0,Using the usual state window gives a similar ordering but is less clean because the state and earlier outcome 
main,337,6. Validity and alternative explanations,1.1081,ledger,H02.ci1,Using the usual state window gives a similar ordering but is less clean because the state and earlier outcome 
main,339,6. Validity and alternative explanations,3.126,ledger,H04.value,A relative-magnitude sensitivity calculation following Rambachan and Roth (2023) provides a complementary way 
main,339,6. Validity and alternative explanations,3.126,ledger,H04.value,A relative-magnitude sensitivity calculation following Rambachan and Roth (2023) provides a complementary way 
main,351,6. Validity and alternative explanations,283,ledger,H01.n,Notes. The non-overlapping specification measures the state over months −36 to −25 so that the state and earli
main,369,7.1 Post-deal dynamics and monthly hirin,95,constant/count,,The increase in hiring begins soon after the private equity investment and persists beyond the first year. Fig
main,369,7.1 Post-deal dynamics and monthly hirin,0.0032,ledger,C46.value;R02.ci0,The increase in hiring begins soon after the private equity investment and persists beyond the first year. Fig
main,369,7.1 Post-deal dynamics and monthly hirin,0.0250,ledger,C44a.ci1;C71a.value;R02.ci1,The increase in hiring begins soon after the private equity investment and persists beyond the first year. Fig
main,369,7.1 Post-deal dynamics and monthly hirin,0.048,ledger,C66.value;R07.value,The increase in hiring begins soon after the private equity investment and persists beyond the first year. Fig
main,369,7.1 Post-deal dynamics and monthly hirin,4.85,artifact-pct,I01:estimates.panelB_timing_blur.B1.DiD (x100);I04b:estimates.panelD_by_inertia.T1저관성.log_wage|h3.ci.1 (x100),The increase in hiring begins soon after the private equity investment and persists beyond the first year. Fig
main,375,7.1 Post-deal dynamics and monthly hirin,0.0466,artifact,I04c:estimates.panelC_by_inertia.T3고관성.va_pe|h1.ci.1;I14:estimates.panelE_validated_subsample.confirmed.rel_ci.0;I33:estimates.baseline.level(rel12 log고용).ci.0,"The observed share of months with no hiring falls by 0.0466 [−0.0675, −0.0270]. The corresponding volume bench"
main,375,7.1 Post-deal dynamics and monthly hirin,-0.0675,ledger,C41.ci0,"The observed share of months with no hiring falls by 0.0466 [−0.0675, −0.0270]. The corresponding volume bench"
main,375,7.1 Post-deal dynamics and monthly hirin,-0.0270,ledger,C41.ci1,"The observed share of months with no hiring falls by 0.0466 [−0.0675, −0.0270]. The corresponding volume bench"
main,375,7.1 Post-deal dynamics and monthly hirin,0.0518,artifact-abs,I38:estimates.panelA_excess.expected_uniform.DiD (sign written as magnitude),"The observed share of months with no hiring falls by 0.0466 [−0.0675, −0.0270]. The corresponding volume bench"
main,375,7.1 Post-deal dynamics and monthly hirin,-0.0699,ledger,C41a.ci0,"The observed share of months with no hiring falls by 0.0466 [−0.0675, −0.0270]. The corresponding volume bench"
main,375,7.1 Post-deal dynamics and monthly hirin,-0.0326,ledger,C41a.ci1,"The observed share of months with no hiring falls by 0.0466 [−0.0675, −0.0270]. The corresponding volume bench"
main,375,7.1 Post-deal dynamics and monthly hirin,0.0052,ledger,C42.value,"The observed share of months with no hiring falls by 0.0466 [−0.0675, −0.0270]. The corresponding volume bench"
main,375,7.1 Post-deal dynamics and monthly hirin,-0.0082,ledger,C42.ci0;C44a.ci0,"The observed share of months with no hiring falls by 0.0466 [−0.0675, −0.0270]. The corresponding volume bench"
main,375,7.1 Post-deal dynamics and monthly hirin,0.0189,ledger,C42.ci1;C53.value,"The observed share of months with no hiring falls by 0.0466 [−0.0675, −0.0270]. The corresponding volume bench"
main,375,7.1 Post-deal dynamics and monthly hirin,0.046,ledger,C52.ci0,"The observed share of months with no hiring falls by 0.0466 [−0.0675, −0.0270]. The corresponding volume bench"
main,386,7.1 Post-deal dynamics and monthly hirin,95,constant/count,,Notes. The benchmark holds each firm-window's realised number of hires fixed and reallocates those hires acros
main,386,7.1 Post-deal dynamics and monthly hirin,0.046,ledger,C52.ci0,Notes. The benchmark holds each firm-window's realised number of hires fixed and reallocates those hires acros
main,394,7.2 Transaction and sponsor characterist,0.1218,ledger,C65.value,Observed transaction characteristics explain relatively little of the variation in hiring responses in the com
main,394,7.2 Transaction and sponsor characterist,-0.0494,ledger,C65.ci0,Observed transaction characteristics explain relatively little of the variation in hiring responses in the com
main,394,7.2 Transaction and sponsor characterist,0.2776,ledger,C65.ci1,Observed transaction characteristics explain relatively little of the variation in hiring responses in the com
main,394,7.2 Transaction and sponsor characterist,0.0475,ledger,C66.value,Observed transaction characteristics explain relatively little of the variation in hiring responses in the com
main,394,7.2 Transaction and sponsor characterist,-0.1062,ledger,C66.ci0,Observed transaction characteristics explain relatively little of the variation in hiring responses in the com
main,394,7.2 Transaction and sponsor characterist,0,constant/count,,Observed transaction characteristics explain relatively little of the variation in hiring responses in the com
main,396,7.2 Transaction and sponsor characterist,180,constant/count,,"Among the 180 events with complete deal information, control transfer, acquired stake, and sponsor deal count "
main,396,7.2 Transaction and sponsor characterist,0.92,artifact,I02:estimates.panelB_cloglog.post.HR_ci.0;I06:estimates.panelA_specs.G24|S3 확장처치·기존풀.mean_dist;I06:estimates.panelA_specs.G24|S4 확장처치·확장풀.mean_dist,"Among the 180 events with complete deal information, control transfer, acquired stake, and sponsor deal count "
main,396,7.2 Transaction and sponsor characterist,2.86,artifact-pct,I04c:estimates.panelD_survival.T3.alive|h1.ci.1 (x100);I45:estimates.panelC_joint_test.r2_state (x100),"Among the 180 events with complete deal information, control transfer, acquired stake, and sponsor deal count "
main,396,7.2 Transaction and sponsor characterist,0.0068,ledger,C72.value;R03.ci0,"Among the 180 events with complete deal information, control transfer, acquired stake, and sponsor deal count "
main,396,7.2 Transaction and sponsor characterist,0.0261,ledger,C18a.ci1;C72a.value,"Among the 180 events with complete deal information, control transfer, acquired stake, and sponsor deal count "
main,398,7.2 Transaction and sponsor characterist,-0.0269,ledger,C73.value,"This difference does not carry over clearly to held-out observations. Under five-fold cross-fitting, out-of-sa"
main,398,7.2 Transaction and sponsor characterist,-0.0168,ledger,C74.value;R06.ci0,"This difference does not carry over clearly to held-out observations. Under five-fold cross-fitting, out-of-sa"
main,398,7.2 Transaction and sponsor characterist,0.0101,ledger,C38a.value;C75.value,"This difference does not carry over clearly to held-out observations. Under five-fold cross-fitting, out-of-sa"
main,398,7.2 Transaction and sponsor characterist,-0.0349,ledger,C75.ci0,"This difference does not carry over clearly to held-out observations. Under five-fold cross-fitting, out-of-sa"
main,398,7.2 Transaction and sponsor characterist,0.1173,ledger,C75.ci1;C77a.value,"This difference does not carry over clearly to held-out observations. Under five-fold cross-fitting, out-of-sa"
main,402,7.3 Worker earnings and value added,0.0096,ledger,C17.value,Employment growth after the transaction is accompanied by a modest increase in measured earnings per worker. A
main,402,7.3 Worker earnings and value added,0.0039,ledger,C17.ci0,Employment growth after the transaction is accompanied by a modest increase in measured earnings per worker. A
main,402,7.3 Worker earnings and value added,0.0154,ledger,C17.ci1,Employment growth after the transaction is accompanied by a modest increase in measured earnings per worker. A
main,402,7.3 Worker earnings and value added,346,constant/count,,Employment growth after the transaction is accompanied by a modest increase in measured earnings per worker. A
main,404,7.3 Worker earnings and value added,182,constant/count,,"Across 182 events, the treated-control difference in the implied wage of marginal hires is 0.0086 [−0.1383, 0."
main,404,7.3 Worker earnings and value added,0.0086,ledger,C17a.value;C44a.value,"Across 182 events, the treated-control difference in the implied wage of marginal hires is 0.0086 [−0.1383, 0."
main,404,7.3 Worker earnings and value added,-0.1383,ledger,C17a.ci0,"Across 182 events, the treated-control difference in the implied wage of marginal hires is 0.0086 [−0.1383, 0."
main,404,7.3 Worker earnings and value added,0.1585,ledger,C17a.ci1,"Across 182 events, the treated-control difference in the implied wage of marginal hires is 0.0086 [−0.1383, 0."
main,404,7.3 Worker earnings and value added,20,constant/count,,"Across 182 events, the treated-control difference in the implied wage of marginal hires is 0.0086 [−0.1383, 0."
main,406,7.3 Worker earnings and value added,0.0778,ledger,C18.value;C62.ci0,"Value added also increases among firms with audited financial statements. One year after the transaction, valu"
main,406,7.3 Worker earnings and value added,0.0296,ledger,C18.ci0,"Value added also increases among firms with audited financial statements. One year after the transaction, valu"
main,406,7.3 Worker earnings and value added,0.1294,ledger,C18.ci1,"Value added also increases among firms with audited financial statements. One year after the transaction, valu"
main,406,7.3 Worker earnings and value added,147,constant/count,,"Value added also increases among firms with audited financial statements. One year after the transaction, valu"
main,406,7.3 Worker earnings and value added,-0.0052,ledger,C18a.value;C61.ci0,"Value added also increases among firms with audited financial statements. One year after the transaction, valu"
main,406,7.3 Worker earnings and value added,-0.0333,ledger,C18a.ci0,"Value added also increases among firms with audited financial statements. One year after the transaction, valu"
main,406,7.3 Worker earnings and value added,0.0261,ledger,C18a.ci1;C72a.value,"Value added also increases among firms with audited financial statements. One year after the transaction, valu"
main,406,7.3 Worker earnings and value added,0.10,ledger,C5a.value;C63.ci1;C94b.ci0,"Value added also increases among firms with audited financial statements. One year after the transaction, valu"
main,410,7.3 Worker earnings and value added,147,constant/count,,The financial results come from a more selected sample than the primary hiring analysis. The value-added estim
main,410,7.3 Worker earnings and value added,286,constant/count,,The financial results come from a more selected sample than the primary hiring analysis. The value-added estim
main,414,8. Conclusion,0.20,ledger,C32.value;C66.ci1;C79c.value,Private equity targets in Korea show markedly different post-investment hiring responses depending on their hi
appendix,17,A.1 Construction of the volume benchmark,60,constant/count,,"For measures without a closed-form expectation—the longest spell without hiring, the Herfindahl index of hires"
appendix,21,A.1 Construction of the volume benchmark,91.9,artifact,I38:estimates.panelA_excess.pre_levels.N;I39:estimates.pre_levels.N,"Before the transaction, treated firms average 91.9 hires per twelve-month window. They have 3.23 months withou"
appendix,21,A.1 Construction of the volume benchmark,3.23,artifact,I39:estimates.pre_levels.a_zero,"Before the transaction, treated firms average 91.9 hires per twelve-month window. They have 3.23 months withou"
appendix,21,A.1 Construction of the volume benchmark,2.58,artifact,I36:estimates.specs.(1).terms.treated.z;I39:estimates.pre_levels.e_zero,"Before the transaction, treated firms average 91.9 hires per twelve-month window. They have 3.23 months withou"
appendix,21,A.1 Construction of the volume benchmark,1.97,artifact,I38:estimates.panelA_excess.pre_levels.maxspell;I39:estimates.pre_levels.a_ms,"Before the transaction, treated firms average 91.9 hires per twelve-month window. They have 3.23 months withou"
appendix,21,A.1 Construction of the volume benchmark,1.53,artifact,I39:estimates.pre_levels.e_ms,"Before the transaction, treated firms average 91.9 hires per twelve-month window. They have 3.23 months withou"
appendix,21,A.1 Construction of the volume benchmark,0.203,artifact,I04c:estimates.panelA_value_added.log_rev|h3.ci.1;I04c:estimates.panelB_equivalence.log_rev|h3.ci.1;I04c:estimates.panelC_by_inertia.T3고관성.log_va|h2.ci.1,"Before the transaction, treated firms average 91.9 hires per twelve-month window. They have 3.23 months withou"
appendix,21,A.1 Construction of the volume benchmark,0.163,artifact,I39:estimates.pre_levels.e_hhi;I47:estimates.panelC_far_window.neg_log_volume.slope_raw.ci.1;I67:estimates.horizons.h36.null_sd,"Before the transaction, treated firms average 91.9 hires per twelve-month window. They have 3.23 months withou"
appendix,21,A.1 Construction of the volume benchmark,0.468,artifact,I38:estimates.panelA_excess.pre_levels.top2;I39:estimates.pre_levels.a_t2;I40:estimates.panelA_log_moderator.lN.T3,"Before the transaction, treated firms average 91.9 hires per twelve-month window. They have 3.23 months withou"
appendix,21,A.1 Construction of the volume benchmark,0.378,artifact,I39:estimates.pre_levels.e_t2;I49:estimates.panelB_clustering.cluster_control_firm.half_width;I58_control_contamination:estimates.현행.slope_on_treated_S,"Before the transaction, treated firms average 91.9 hires per twelve-month window. They have 3.23 months withou"
appendix,47,Panel B. Thirty-six-month window,180,constant/count,,Notes. The observed change is the treated-minus-control change in the corresponding monthly measure. The volum
appendix,49,Panel B. Thirty-six-month window,0.0466,artifact,I04c:estimates.panelC_by_inertia.T3고관성.va_pe|h1.ci.1;I14:estimates.panelE_validated_subsample.confirmed.rel_ci.0;I33:estimates.baseline.level(rel12 log고용).ci.0,The volume benchmark accounts for most of the observed movement in the twelve-month measures. For the main no-
appendix,49,Panel B. Thirty-six-month window,0.0518,artifact-abs,I38:estimates.panelA_excess.expected_uniform.DiD (sign written as magnitude),The volume benchmark accounts for most of the observed movement in the twelve-month measures. For the main no-
appendix,49,Panel B. Thirty-six-month window,0.0052,ledger,C42.value,The volume benchmark accounts for most of the observed movement in the twelve-month measures. For the main no-
appendix,49,Panel B. Thirty-six-month window,-0.0082,ledger,C42.ci0;C44a.ci0,The volume benchmark accounts for most of the observed movement in the twelve-month measures. For the main no-
appendix,49,Panel B. Thirty-six-month window,0.0189,ledger,C42.ci1;C53.value,The volume benchmark accounts for most of the observed movement in the twelve-month measures. For the main no-
appendix,49,Panel B. Thirty-six-month window,0.046,ledger,C52.ci0,The volume benchmark accounts for most of the observed movement in the twelve-month measures. For the main no-
appendix,51,Panel B. Thirty-six-month window,0.0086,ledger,C17a.value;C44a.value,"The one exception is the share of hires occurring in the two busiest months. Its excess is 0.0086 [−0.0082, 0."
appendix,51,Panel B. Thirty-six-month window,-0.0082,ledger,C42.ci0;C44a.ci0,"The one exception is the share of hires occurring in the two busiest months. Its excess is 0.0086 [−0.0082, 0."
appendix,51,Panel B. Thirty-six-month window,0.0250,ledger,C44a.ci1;C71a.value;R02.ci1,"The one exception is the share of hires occurring in the two busiest months. Its excess is 0.0086 [−0.0082, 0."
appendix,51,Panel B. Thirty-six-month window,0.025,ledger,C44a.ci1;C71a.value;R02.ci1,"The one exception is the share of hires occurring in the two busiest months. Its excess is 0.0086 [−0.0082, 0."
appendix,53,Panel B. Thirty-six-month window,0.055,ledger,C81b.value,"Over thirty-six months, the same conclusion is visible in the two measures for which the longer window is avai"
appendix,53,Panel B. Thirty-six-month window,0.0088,ledger,C45.value,"Over thirty-six months, the same conclusion is visible in the two measures for which the longer window is avai"
appendix,53,Panel B. Thirty-six-month window,-0.0058,ledger,C45.ci0,"Over thirty-six months, the same conclusion is visible in the two measures for which the longer window is avai"
appendix,53,Panel B. Thirty-six-month window,0.0220,ledger,C45.ci1,"Over thirty-six months, the same conclusion is visible in the two measures for which the longer window is avai"
appendix,53,Panel B. Thirty-six-month window,0.756,artifact-abs,I40:estimates.panelB_36m_clustering.ms.DiD (sign written as magnitude),"Over thirty-six months, the same conclusion is visible in the two measures for which the longer window is avai"
appendix,53,Panel B. Thirty-six-month window,0.297,ledger,C45a.value,"Over thirty-six months, the same conclusion is visible in the two measures for which the longer window is avai"
appendix,53,Panel B. Thirty-six-month window,-0.117,ledger,C45a.ci0,"Over thirty-six months, the same conclusion is visible in the two measures for which the longer window is avai"
appendix,53,Panel B. Thirty-six-month window,0.727,ledger,C45a.ci1,"Over thirty-six months, the same conclusion is visible in the two measures for which the longer window is avai"
appendix,55,Panel B. Thirty-six-month window,8.5,artifact,I38:estimates.panelA_excess.total_hires.DiD,"Total hires increase by 8.5 workers per twelve-month window in the corresponding level comparison, although th"
appendix,55,Panel B. Thirty-six-month window,-17.3,artifact,I38:estimates.panelA_excess.total_hires.ci.0,"Total hires increase by 8.5 workers per twelve-month window in the corresponding level comparison, although th"
appendix,55,Panel B. Thirty-six-month window,47.5,artifact,I38:estimates.panelA_excess.total_hires.ci.1,"Total hires increase by 8.5 workers per twelve-month window in the corresponding level comparison, although th"
appendix,59,Hiring-state split,0.1076,artifact,I40:estimates.panelA_log_moderator.p.T3;I61:estimates.panelA_treated_path.q3.grad,The raw extensive-margin change is larger among firms that entered the transaction with lower hiring intensity
appendix,59,Hiring-state split,-0.1551,artifact,I06:estimates.panelA_specs.G36|S5 회수전용·확장풀.P1_ci.0;I32:estimates.panelD_by_inertia_year.T3고관성.Y2.ci.0;I38:estimates.panelC_by_inertia.T3 고관성.actual.ci.0,The raw extensive-margin change is larger among firms that entered the transaction with lower hiring intensity
appendix,59,Hiring-state split,-0.0613,artifact,I38:estimates.panelC_by_inertia.T3 고관성.actual.ci.1,The raw extensive-margin change is larger among firms that entered the transaction with lower hiring intensity
appendix,59,Hiring-state split,0.0182,artifact,I40:estimates.panelA_log_moderator.p.T1,The raw extensive-margin change is larger among firms that entered the transaction with lower hiring intensity
appendix,59,Hiring-state split,-0.0452,artifact,I38:estimates.panelC_by_inertia.T1 저관성.actual.ci.0,The raw extensive-margin change is larger among firms that entered the transaction with lower hiring intensity
appendix,59,Hiring-state split,0.0131,artifact,I38:estimates.panelC_by_inertia.T1 저관성.actual.ci.1,The raw extensive-margin change is larger among firms that entered the transaction with lower hiring intensity
appendix,59,Hiring-state split,0.0058,artifact,I11:estimates.S1_monthly_prespecified.beta.-9;I38:estimates.panelC_by_inertia.T3 고관성.excess.DiD,The raw extensive-margin change is larger among firms that entered the transaction with lower hiring intensity
appendix,59,Hiring-state split,-0.0249,artifact,I06:estimates.panelA_specs.G36|S1 기존처치·기존풀.rel_ci.0;I38:estimates.panelB_spell_concentration.top2.DiD;I38:estimates.panelC_by_inertia.T3 고관성.excess.ci.0,The raw extensive-margin change is larger among firms that entered the transaction with lower hiring intensity
appendix,59,Hiring-state split,0.0350,artifact,I38:estimates.panelC_by_inertia.T3 고관성.excess.ci.1,The raw extensive-margin change is larger among firms that entered the transaction with lower hiring intensity
appendix,59,Hiring-state split,0.0027,ledger,C7a.ci1;C69.ci1,The raw extensive-margin change is larger among firms that entered the transaction with lower hiring intensity
appendix,59,Hiring-state split,-0.0159,artifact,I04c:estimates.panelA_value_added.alive|h1.ci.0;I04c:estimates.panelB_equivalence.alive|h1.ci.0;I38:estimates.panelC_by_inertia.T1 저관성.excess.ci.0,The raw extensive-margin change is larger among firms that entered the transaction with lower hiring intensity
appendix,59,Hiring-state split,0.0203,artifact,I32:estimates.panelB_quarterly_ES.beta.q6.ci.0;I36:estimates.specs.(1).terms.treated.se;I38:estimates.panelC_by_inertia.T1 저관성.excess.ci.1,The raw extensive-margin change is larger among firms that entered the transaction with lower hiring intensity
appendix,59,Hiring-state split,0.0032,ledger,C46.value;R02.ci0,The raw extensive-margin change is larger among firms that entered the transaction with lower hiring intensity
appendix,59,Hiring-state split,-0.0321,ledger,C46.ci0;F03.ci0,The raw extensive-margin change is larger among firms that entered the transaction with lower hiring intensity
appendix,59,Hiring-state split,0.0365,ledger,C46.ci1,The raw extensive-margin change is larger among firms that entered the transaction with lower hiring intensity
appendix,65,A.3 Extensive- and intensive-margin deco,12,constant/count,,"where  is the share of months with positive hiring and  is mean hiring intensity in active months, measured as"
appendix,77,Table A2. Decomposition of the average i,0.608,ledger,C5.value,"Notes. The pre-deal means are  and . In logs, the two components are additive; the change in  accounts for 0.6"
appendix,79,Table A2. Decomposition of the average i,60.8,artifact,I04b:runtime_s,Both components rise in the log decomposition. The increase in the active-month share accounts for 60.8 percen
appendix,102,Table B1. Alternative measures of pre-de,0.215,ledger,C84a.value;C84b.value,The hiring-rate measure is the most stable of the three once the pre-deal covariates are included. Grouping fi
appendix,102,Table B1. Alternative measures of pre-de,0.026,ledger,C18a.ci1;C72a.value;C84a.ci0,The hiring-rate measure is the most stable of the three once the pre-deal covariates are included. Grouping fi
appendix,102,Table B1. Alternative measures of pre-de,0.392,ledger,C84a.ci1,The hiring-rate measure is the most stable of the three once the pre-deal covariates are included. Grouping fi
appendix,102,Table B1. Alternative measures of pre-de,0.215,ledger,C84a.value;C84b.value,The hiring-rate measure is the most stable of the three once the pre-deal covariates are included. Grouping fi
appendix,102,Table B1. Alternative measures of pre-de,0.030,ledger,C18.ci0;C84b.ci0,The hiring-rate measure is the most stable of the three once the pre-deal covariates are included. Grouping fi
appendix,102,Table B1. Alternative measures of pre-de,0.425,ledger,C84b.ci1,The hiring-rate measure is the most stable of the three once the pre-deal covariates are included. Grouping fi
appendix,102,Table B1. Alternative measures of pre-de,0.188,ledger,C84c.value,The hiring-rate measure is the most stable of the three once the pre-deal covariates are included. Grouping fi
appendix,102,Table B1. Alternative measures of pre-de,0.031,ledger,C84c.ci0;C93b.value,The hiring-rate measure is the most stable of the three once the pre-deal covariates are included. Grouping fi
appendix,102,Table B1. Alternative measures of pre-de,0.332,ledger,C84c.ci1,The hiring-rate measure is the most stable of the three once the pre-deal covariates are included. Grouping fi
appendix,104,Table B1. Alternative measures of pre-de,-0.854,ledger,C88.value,"The share of no-hire months is more closely tied to total hiring volume. Over the same pre-deal window, the co"
appendix,104,Table B1. Alternative measures of pre-de,-0.013,artifact,I04b:estimates.panelB_employment_free.roa|h2.DiD;I04c:estimates.panelA_value_added.roa|h2.DiD;I11:estimates.S1_monthly_prespecified.beta.-6,"The share of no-hire months is more closely tied to total hiring volume. Over the same pre-deal window, the co"
appendix,104,Table B1. Alternative measures of pre-de,0.0031,artifact,I46:estimates.panelB_excess_dormancy.tercile.diff,"The share of no-hire months is more closely tied to total hiring volume. Over the same pre-deal window, the co"
appendix,104,Table B1. Alternative measures of pre-de,-0.176,ledger,C67.ci0,"The share of no-hire months is more closely tied to total hiring volume. Over the same pre-deal window, the co"
appendix,104,Table B1. Alternative measures of pre-de,0.190,artifact,I21:estimates.panelB_lead_lag.cash_Y0 → 관성 후반.ci.1;I46:estimates.panelB_excess_dormancy.tercile.ci.1;I62:estimates.dist_k20.null_sd,"The share of no-hire months is more closely tied to total hiring volume. Over the same pre-deal window, the co"
appendix,104,Table B1. Alternative measures of pre-de,-0.066,artifact,I06:estimates.panelA_specs.G36|S4 확장처치·확장풀.P1;I14:estimates.panelC_dose.D2 중간.zero_ci.0;I14:estimates.panelE_validated_subsample.non-confirmed.zero_ci.0,"The share of no-hire months is more closely tied to total hiring volume. Over the same pre-deal window, the co"
appendix,104,Table B1. Alternative measures of pre-de,0.063,artifact,I02:estimates.panelA_hazard_by_duration.d=2.ci_ratio.1;I04:estimates.panelB_by_inertia.T3 고관성.h1.asset_pe.ci.1;I04c:estimates.panelA_value_added.log_va|h4.DiD,"The share of no-hire months is more closely tied to total hiring volume. Over the same pre-deal window, the co"
appendix,104,Table B1. Alternative measures of pre-de,0.010,ledger,C5c.ci1;C17.value;C38a.value,"The share of no-hire months is more closely tied to total hiring volume. Over the same pre-deal window, the co"
appendix,123,Table B2. What component of the pre-deal,63.9,artifact-pct,I02:estimates.panelA_hazard_by_duration.d=2.t_pre (x100);I02:estimates.panelD_hazard_profile.처치_사전.1 (x100),"Notes. The residualised state removes size, industry, pre-deal growth, age, and seasonality, which jointly acc"
appendix,123,Table B2. What component of the pre-deal,0.141,artifact,I14:estimates.panelC_dose.D3 고지분.rel_ci.1;I14:estimates.panelC_dose.다수>=50%.DiD_ci.1;I16:estimates.panelB_pct_dose.소수<50%.rel,"Notes. The residualised state removes size, industry, pre-deal growth, age, and seasonality, which jointly acc"
appendix,123,Table B2. What component of the pre-deal,0.127,artifact,I45:estimates.panelB_covariate_adjusted.stake_maj_min.raw.diff;I54:estimates.panelAB_ri.employment.MDE_RI_80;I66:estimates.panelB_post_early_state.excess,"Notes. The residualised state removes size, industry, pre-deal growth, age, and seasonality, which jointly acc"
appendix,125,Table B2. What component of the pre-deal,0.536,artifact,I19c:estimates.panelA_sidak.② 법인 인수.sidak_p;I41:estimates.panelD_transitory_vs_structural.joint_과거 비활동.coef,"When the historical no-hire share and the pause in progress at closing enter together, their point estimates a"
appendix,125,Table B2. What component of the pre-deal,0.032,artifact,I04:estimates.panelB_by_inertia.T1 저관성.h1.log_wage.ci.1;I04:estimates.panelB_by_inertia.T3 고관성.h1.log_wage.ci.1;I04b:estimates.panelD_by_inertia.T1저관성.log_wage|h1.ci.1,"When the historical no-hire share and the pause in progress at closing enter together, their point estimates a"
appendix,127,Table B2. What component of the pre-deal,63.9,artifact-pct,I02:estimates.panelA_hazard_by_duration.d=2.t_pre (x100);I02:estimates.panelD_hazard_profile.처치_사전.1 (x100),"The residualised-state result provides a separate qualification. Size, industry, growth, age, and seasonality "
appendix,127,Table B2. What component of the pre-deal,0.243,ledger,C36.value;C92b.value,"The residualised-state result provides a separate qualification. Size, industry, growth, age, and seasonality "
appendix,127,Table B2. What component of the pre-deal,-0.221,ledger,C36.ci0,"The residualised-state result provides a separate qualification. Size, industry, growth, age, and seasonality "
appendix,127,Table B2. What component of the pre-deal,0.723,ledger,C36.ci1,"The residualised-state result provides a separate qualification. Size, industry, growth, age, and seasonality "
appendix,129,Table B2. What component of the pre-deal,0.268,ledger,E06.value,Moving the state window further into the past weakens the relationship more sharply. Using months −36 to −25 p
appendix,129,Table B2. What component of the pre-deal,0.141,artifact,I14:estimates.panelC_dose.D3 고지분.rel_ci.1;I14:estimates.panelC_dose.다수>=50%.DiD_ci.1;I16:estimates.panelB_pct_dose.소수<50%.rel,Moving the state window further into the past weakens the relationship more sharply. Using months −36 to −25 p
appendix,129,Table B2. What component of the pre-deal,0.92,artifact,I02:estimates.panelB_cloglog.post.HR_ci.0;I06:estimates.panelA_specs.G24|S3 확장처치·기존풀.mean_dist;I06:estimates.panelA_specs.G24|S4 확장처치·확장풀.mean_dist,Moving the state window further into the past weakens the relationship more sharply. Using months −36 to −25 p
appendix,129,Table B2. What component of the pre-deal,0.1789,ledger,E06a.value,Moving the state window further into the past weakens the relationship more sharply. Using months −36 to −25 p
appendix,149,Table B3. Alternative transformations of,0.837,ledger,E02.value,"The gradient remains positive across the principal winsorisation choices. The unwinsorised estimate is 0.837, "
appendix,149,Table B3. Alternative transformations of,0.710,ledger,D01.value;D03b.value;D09.value,"The gradient remains positive across the principal winsorisation choices. The unwinsorised estimate is 0.837, "
appendix,149,Table B3. Alternative transformations of,5,constant/count,,"The gradient remains positive across the principal winsorisation choices. The unwinsorised estimate is 0.837, "
appendix,149,Table B3. Alternative transformations of,95,constant/count,,"The gradient remains positive across the principal winsorisation choices. The unwinsorised estimate is 0.837, "
appendix,149,Table B3. Alternative transformations of,10,constant/count,,"The gradient remains positive across the principal winsorisation choices. The unwinsorised estimate is 0.837, "
appendix,149,Table B3. Alternative transformations of,90,constant/count,,"The gradient remains positive across the principal winsorisation choices. The unwinsorised estimate is 0.837, "
appendix,149,Table B3. Alternative transformations of,0.634,ledger,E04.value,"The gradient remains positive across the principal winsorisation choices. The unwinsorised estimate is 0.837, "
appendix,151,Table B3. Alternative transformations of,0.710,ledger,D01.value;D03b.value;D09.value,The transformations that retain zero-hiring windows also preserve the directional result. Because these transf
appendix,153,Table B3. Alternative transformations of,0.104,artifact,I04b:estimates.panelC_nps_full.log_payroll|h3.ci.0;I05:estimates.panelA_by_timing.mid.zero_ci.1;I46:estimates.panelI_state_definition.neg_log_rate.tercile_adj.diff,A Poisson pseudo-maximum-likelihood specification provides a less supportive check. Applied to hire counts wit
appendix,153,Table B3. Alternative transformations of,-0.319,artifact,"I50:estimates.panelB_ppml.ci.0;I50_panelH:T,TS.ci.1",A Poisson pseudo-maximum-likelihood specification provides a less supportive check. Applied to hire counts wit
appendix,153,Table B3. Alternative transformations of,0.526,ledger,C33.value,A Poisson pseudo-maximum-likelihood specification provides a less supportive check. Applied to hire counts wit
appendix,178,Table B4. Selected alternatives to the p,0.655,ledger,G02.value,Relaxing the requirement that all twelve state months be observed adds twenty-four events and gives a gradient
appendix,178,Table B4. Selected alternatives to the p,244,ledger,D12.n,Relaxing the requirement that all twelve state months be observed adds twenty-four events and gives a gradient
appendix,178,Table B4. Selected alternatives to the p,0.388,ledger,D12.value,Relaxing the requirement that all twelve state months be observed adds twenty-four events and gives a gradient
appendix,180,Table B4. Selected alternatives to the p,0.346,ledger,D12b.value,The inverse-variance-weighted specification produces a smaller gradient of 0.346 and a different placebo distr
appendix,180,Table B4. Selected alternatives to the p,2.28,artifact,I56:estimates.panelE_weighting.precision_weighted.z,The inverse-variance-weighted specification produces a smaller gradient of 0.346 and a different placebo distr
appendix,180,Table B4. Selected alternatives to the p,0.678,ledger,D12d.value,The inverse-variance-weighted specification produces a smaller gradient of 0.346 and a different placebo distr
appendix,200,C.1 Accounting consistency of worker ent,"227,339",ledger,C92.n,"Across 227,339 firm-month observations, the accounting relation holds closely. The median absolute discrepancy"
appendix,200,C.1 Accounting consistency of worker ent,24.3,artifact-pct,I41:estimates.panelB_residualized.resid_slope.slope (x100);I41_RECLASS:corrected_gate_tally.B_residualized.est (x100),"Across 227,339 firm-month observations, the accounting relation holds closely. The median absolute discrepancy"
appendix,200,C.1 Accounting consistency of worker ent,1.4,ledger,C9.ci1,"Across 227,339 firm-month observations, the accounting relation holds closely. The median absolute discrepancy"
appendix,200,C.1 Accounting consistency of worker ent,90,constant/count,,"Across 227,339 firm-month observations, the accounting relation holds closely. The median absolute discrepancy"
appendix,200,C.1 Accounting consistency of worker ent,7.1,artifact-pct,I04:estimates.panelC_comovement.h1|log_wage.ci.1 (x100);I04c:estimates.panelA_value_added.log_rev|h1.ci.1 (x100),"Across 227,339 firm-month observations, the accounting relation holds closely. The median absolute discrepancy"
appendix,218,Table C1. Accounting consistency of pens,2.8,artifact-pct,I02:estimates.panelB2_shape.treated.p (x100);I04b:estimates.panelD_by_inertia.T1저관성.roa|h1.ci.1 (x100),"The discrepancy rises around the transaction, from 2.8 percent in the preceding year to 3.6 percent in the dea"
appendix,218,Table C1. Accounting consistency of pens,3.6,artifact-pct,I01:estimates.equivalence_annual.margin.0 (x100);I04c:estimates.panelA_value_added.va_pa|h2.ci.1 (x100),"The discrepancy rises around the transaction, from 2.8 percent in the preceding year to 3.6 percent in the dea"
appendix,218,Table C1. Accounting consistency of pens,3.1,ledger,D09b.value;H04.value;E07b.value,"The discrepancy rises around the transaction, from 2.8 percent in the preceding year to 3.6 percent in the dea"
appendix,236,Table C2. Hiring-state gradient under wo,379,constant/count,,Notes. The first two discrepancy filters discard firm-months according to the absolute accounting discrepancy 
appendix,240,Table C2. Hiring-state gradient under wo,379,constant/count,,The workplace-registration check addresses a related concern. If a transaction created large numbers of admini
appendix,240,Table C2. Hiring-state gradient under wo,0.557,ledger,C94c.value,The workplace-registration check addresses a related concern. If a transaction created large numbers of admini
appendix,240,Table C2. Hiring-state gradient under wo,0.160,ledger,C94c.ci0,The workplace-registration check addresses a related concern. If a transaction created large numbers of admini
appendix,240,Table C2. Hiring-state gradient under wo,0.930,ledger,C94c.ci1,The workplace-registration check addresses a related concern. If a transaction created large numbers of admini
appendix,242,Table C2. Hiring-state gradient under wo,0.365,ledger,E05.value,The reconstructed-hiring measure is the strongest check because it does not use the reported entry count as it
appendix,248,"C.3 Hiring rates, employment denominator",0.6315,ledger,D07.value,The main text addresses this issue directly. The gradient in the raw log count of hires is 0.6315 against a pl
appendix,248,"C.3 Hiring rates, employment denominator",0.1795,ledger,D07a.value,The main text addresses this issue directly. The gradient in the raw log count of hires is 0.6315 against a pl
appendix,248,"C.3 Hiring rates, employment denominator",0.6957,ledger,D08.value,The main text addresses this issue directly. The gradient in the raw log count of hires is 0.6315 against a pl
appendix,248,"C.3 Hiring rates, employment denominator",0.0363,ledger,D08a.value,The main text addresses this issue directly. The gradient in the raw log count of hires is 0.6315 against a pl
appendix,248,"C.3 Hiring rates, employment denominator",-0.0580,ledger,D09d.value,The main text addresses this issue directly. The gradient in the raw log count of hires is 0.6315 against a pl
appendix,248,"C.3 Hiring rates, employment denominator",0.0796,ledger,D09e.value,The main text addresses this issue directly. The gradient in the raw log count of hires is 0.6315 against a pl
appendix,250,"C.3 Hiring rates, employment denominator",+0.263,ledger,D13a.value,Level flow rates provide an additional accounting check but illustrate why log employment is the preferred mea
appendix,250,"C.3 Hiring rates, employment denominator",+0.094,ledger,C47.value;D13b.value,Level flow rates provide an additional accounting check but illustrate why log employment is the preferred mea
appendix,250,"C.3 Hiring rates, employment denominator",+0.172,ledger,D13.value,Level flow rates provide an additional accounting check but illustrate why log employment is the preferred mea
appendix,250,"C.3 Hiring rates, employment denominator",0.003,ledger,C7a.ci1;C23.value;C46.value,Level flow rates provide an additional accounting check but illustrate why log employment is the preferred mea
appendix,264,Table C3. Flow-rate accounting and emplo,0.003,ledger,C7a.ci1;C23.value;C46.value,Notes. The first three rows are level worker-flow rates and therefore scale flows by employment. Their account
appendix,292,Panel B. Additional within-event contras,0.5746,ledger,D10e.value,The hiring-minus-separations contrast is positive at 0.5746 and reaches a two-sided -value of 0.043. We do not
appendix,292,Panel B. Additional within-event contras,0.043,ledger,D10f.value,The hiring-minus-separations contrast is positive at 0.5746 and reaches a two-sided -value of 0.043. We do not
appendix,292,Panel B. Additional within-event contras,0.1788,ledger,D09h.value,The hiring-minus-separations contrast is positive at 0.5746 and reaches a two-sided -value of 0.043. We do not
appendix,298,C.5 Joint worker-flow pattern,28.4,ledger,G01.value,The observed  vector has a Mahalanobis distance of 28.4 from the placebo mean. The 95th percentile of the corr
appendix,298,C.5 Joint worker-flow pattern,95,constant/count,,The observed  vector has a Mahalanobis distance of 28.4 from the placebo mean. The 95th percentile of the corr
appendix,298,C.5 Joint worker-flow pattern,7.6,ledger,G01a.value,The observed  vector has a Mahalanobis distance of 28.4 from the placebo mean. The 95th percentile of the corr
appendix,298,C.5 Joint worker-flow pattern,0.71,ledger,D01.value;D03b.value;D09.value,The observed  vector has a Mahalanobis distance of 28.4 from the placebo mean. The 95th percentile of the corr
appendix,305,Figure C1. State gradients and placebo d,95,constant/count,,Notes. State gradients and placebo distributions across worker-flow outcomes. Panel (a) plots the state gradie
appendix,325,D.1 Quarterly state-gradient dynamics,-0.163,ledger,F01.ci0,"The treated state gradient over the four pre-deal quarters is , , , and , in chronological order. The correspo"
appendix,325,D.1 Quarterly state-gradient dynamics,0.131,ledger,F01.ci1,"The treated state gradient over the four pre-deal quarters is , , , and , in chronological order. The correspo"
appendix,325,D.1 Quarterly state-gradient dynamics,0.126,ledger,C79b.value;F01b.value;F01c.value,"The treated state gradient over the four pre-deal quarters is , , , and , in chronological order. The correspo"
appendix,337,Table D1. State gradients at quarterly r,-0.012,ledger,F01.value;R05.ci0,"Notes. Entries are state gradients estimated at quarterly resolution, with quarters shown in chronological ord"
appendix,337,Table D1. State gradients at quarterly r,-0.163,ledger,F01.ci0,"Notes. Entries are state gradients estimated at quarterly resolution, with quarters shown in chronological ord"
appendix,337,Table D1. State gradients at quarterly r,0.131,ledger,F01.ci1,"Notes. Entries are state gradients estimated at quarterly resolution, with quarters shown in chronological ord"
appendix,337,Table D1. State gradients at quarterly r,-0.038,ledger,F02b.value,"Notes. Entries are state gradients estimated at quarterly resolution, with quarters shown in chronological ord"
appendix,337,Table D1. State gradients at quarterly r,-0.600,artifact,I62:estimates.panelA_pretrend_slope.pre_drift_ci.0,"Notes. Entries are state gradients estimated at quarterly resolution, with quarters shown in chronological ord"
appendix,337,Table D1. State gradients at quarterly r,0.473,artifact,I47:estimates.panelB_iqr_effect.neg_log_volume.ci_per_iqr_adj.1;I62:estimates.panelA_pretrend_slope.pre_drift_ci.1,"Notes. Entries are state gradients estimated at quarterly resolution, with quarters shown in chronological ord"
appendix,339,Table D1. State gradients at quarterly r,-0.038,ledger,F02b.value,Estimating a single drift over the four pre-deal quarters does not materially improve precision: the cumulativ
appendix,339,Table D1. State gradients at quarterly r,-0.600,artifact,I62:estimates.panelA_pretrend_slope.pre_drift_ci.0,Estimating a single drift over the four pre-deal quarters does not materially improve precision: the cumulativ
appendix,339,Table D1. State gradients at quarterly r,0.473,artifact,I47:estimates.panelB_iqr_effect.neg_log_volume.ci_per_iqr_adj.1;I62:estimates.panelA_pretrend_slope.pre_drift_ci.1,Estimating a single drift over the four pre-deal quarters does not materially improve precision: the cumulativ
appendix,341,Table D1. State gradients at quarterly r,-0.073,artifact,I02:estimates.panelA_hazard_by_duration.d=2.ci_pp.0;I04b:estimates.panelA_decomposition.log_rev|h3.ci.0;I40:estimates.panelA_log_moderator.lN.ci_T1.0,"The untreated pseudo-event path is also noisy. Its four pre-deal gradients are −0.073, −0.031, −0.003, and +0."
appendix,341,Table D1. State gradients at quarterly r,-0.031,ledger,C7.ci1,"The untreated pseudo-event path is also noisy. Its four pre-deal gradients are −0.073, −0.031, −0.003, and +0."
appendix,341,Table D1. State gradients at quarterly r,-0.003,ledger,D13c.value,"The untreated pseudo-event path is also noisy. Its four pre-deal gradients are −0.073, −0.031, −0.003, and +0."
appendix,341,Table D1. State gradients at quarterly r,+0.045,artifact,I04b:estimates.panelD_by_inertia.diff.alive|h1.ci.1;I04c:estimates.panelC_by_inertia.T1저관성.va_pe|h1.ci.1;I06:estimates.panelA_specs.G24|S1 기존처치·기존풀.rel,"The untreated pseudo-event path is also noisy. Its four pre-deal gradients are −0.073, −0.031, −0.003, and +0."
appendix,341,Table D1. State gradients at quarterly r,-0.024,ledger,C7a.value,"The untreated pseudo-event path is also noisy. Its four pre-deal gradients are −0.073, −0.031, −0.003, and +0."
appendix,341,Table D1. State gradients at quarterly r,+0.088,ledger,C52.value,"The untreated pseudo-event path is also noisy. Its four pre-deal gradients are −0.073, −0.031, −0.003, and +0."
appendix,341,Table D1. State gradients at quarterly r,-0.040,artifact,I02:estimates.panelA_hazard_by_duration.d=4-5.ci_pp.0;I61:estimates.panelC_placebo_path.q3.grad,"The untreated pseudo-event path is also noisy. Its four pre-deal gradients are −0.073, −0.031, −0.003, and +0."
appendix,347,D.2 Sponsor deployment pressure,1.2881,artifact,I36:estimates.specs.(4).terms.treated x post x pressure.HR,We examine one implication using a sponsor deployment-pressure proxy based on the age of the sponsor’s most re
appendix,347,D.2 Sponsor deployment pressure,1.0535,artifact,I16:estimates.panelD_hazard_triple.po_buy.HR;I36:estimates.specs.(4).terms.treated x post x pressure.ci.0,We examine one implication using a sponsor deployment-pressure proxy based on the age of the sponsor’s most re
appendix,347,D.2 Sponsor deployment pressure,1.5750,artifact,I36:estimates.specs.(4).terms.treated x post x pressure.ci.1,We examine one implication using a sponsor deployment-pressure proxy based on the age of the sponsor’s most re
appendix,347,D.2 Sponsor deployment pressure,379,constant/count,,We examine one implication using a sponsor deployment-pressure proxy based on the age of the sponsor’s most re
appendix,362,Table D2. Supplementary validity checks,1.2881,artifact,I36:estimates.specs.(4).terms.treated x post x pressure.HR,The inspected manuscript material does not specify the exact scaling or coding of the deployment-pressure vari
appendix,362,Table D2. Supplementary validity checks,1.0535,artifact,I16:estimates.panelD_hazard_triple.po_buy.HR;I36:estimates.specs.(4).terms.treated x post x pressure.ci.0,The inspected manuscript material does not specify the exact scaling or coding of the deployment-pressure vari
appendix,362,Table D2. Supplementary validity checks,1.5750,artifact,I36:estimates.specs.(4).terms.treated x post x pressure.ci.1,The inspected manuscript material does not specify the exact scaling or coding of the deployment-pressure vari
appendix,368,D.3 Independent confirmation of transact,62,constant/count,,"The shareholder-register date can be confirmed independently for 62 events. In this subsample, the treated-min"
appendix,368,D.3 Independent confirmation of transact,0.0645,artifact,I35:estimates.canonical.B1_dp.ci.1;h41_causal_gap:G2_DDD.original.rel12_ratio.t-24.mean,"The shareholder-register date can be confirmed independently for 62 events. In this subsample, the treated-min"
appendix,368,D.3 Independent confirmation of transact,-0.1145,ledger,C21.ci0,"The shareholder-register date can be confirmed independently for 62 events. In this subsample, the treated-min"
appendix,368,D.3 Independent confirmation of transact,-0.0163,ledger,C21.ci1,"The shareholder-register date can be confirmed independently for 62 events. In this subsample, the treated-min"
appendix,368,D.3 Independent confirmation of transact,0.047,artifact,I04c:estimates.panelC_by_inertia.T3고관성.va_pe|h1.ci.1;I04c:estimates.panelD_survival.T3-T1|h1.ci.1;I06:estimates.panelA_specs.G36|S2 기존처치·확장풀.rel,"The shareholder-register date can be confirmed independently for 62 events. In this subsample, the treated-min"
appendix,378,D.4 Shared controls and uncertainty,286,constant/count,,"In practice, overlap is limited. The 286 primary target events use 1,144 distinct control firms. Of these cont"
appendix,378,D.4 Shared controls and uncertainty,"1,144",constant/count,,"In practice, overlap is limited. The 286 primary target events use 1,144 distinct control firms. Of these cont"
appendix,378,D.4 Shared controls and uncertainty,95.02,artifact-pct,I65:estimates.panelC_reuse.share_used_once (x100),"In practice, overlap is limited. The 286 primary target events use 1,144 distinct control firms. Of these cont"
appendix,389,Table D3. Sensitivity to shared control ,286,constant/count,,Notes. The primary paper reports the treated-firm-clustered interval because it is wider than the interval obt
appendix,391,Table D3. Sensitivity to shared control ,0.7036,ledger,C98d.value,Clustering on control firms produces a narrower interval than clustering on treated firms. Restricting each co
appendix,397,D.5 Relative-magnitude sensitivity of th,0.658,ledger,C19.value,"For the average-effect estimand, the relative-magnitude breakdown value following Rambachan and Roth (2023) is"
appendix,397,D.5 Relative-magnitude sensitivity of th,0.658,ledger,C19.value,"For the average-effect estimand, the relative-magnitude breakdown value following Rambachan and Roth (2023) is"
appendix,401,D.5 Relative-magnitude sensitivity of th,0.658,ledger,C19.value,The 0.658 value should not be compared mechanically with the 3.126 breakdown value reported for the state grad
appendix,401,D.5 Relative-magnitude sensitivity of th,3.126,ledger,H04.value,The 0.658 value should not be compared mechanically with the 3.126 breakdown value reported for the state grad
appendix,423,Appendix E. Transaction and sponsor char,180,constant/count,,Individual comparisons use the largest sample available for each characteristic. A second set of analyses rest
appendix,429,E.1 Individual transaction and sponsor c,0.1218,ledger,C65.value,The distinction between control transactions and growth investments illustrates why this adjustment matters. T
appendix,429,E.1 Individual transaction and sponsor c,-0.0494,ledger,C65.ci0,The distinction between control transactions and growth investments illustrates why this adjustment matters. T
appendix,429,E.1 Individual transaction and sponsor c,0.2776,ledger,C65.ci1,The distinction between control transactions and growth investments illustrates why this adjustment matters. T
appendix,429,E.1 Individual transaction and sponsor c,0.0948,ledger,C64.value,The distinction between control transactions and growth investments illustrates why this adjustment matters. T
appendix,429,E.1 Individual transaction and sponsor c,0.0475,ledger,C66.value,The distinction between control transactions and growth investments illustrates why this adjustment matters. T
appendix,429,E.1 Individual transaction and sponsor c,-0.1062,ledger,C66.ci0,The distinction between control transactions and growth investments illustrates why this adjustment matters. T
appendix,429,E.1 Individual transaction and sponsor c,0,constant/count,,The distinction between control transactions and growth investments illustrates why this adjustment matters. T
appendix,443,Table E1. Hiring responses across transa,100,constant/count,,Notes. The outcome is the event-level change in the log hiring rate. Adjusted estimates partial out the pre-de
appendix,445,Table E1. Hiring responses across transa,-0.1761,ledger,C67.ci0,"The point estimates for ownership stake, majority ownership, and sponsor experience are positive, but their in"
appendix,445,Table E1. Hiring responses across transa,0.2674,ledger,C67.ci1,"The point estimates for ownership stake, majority ownership, and sponsor experience are positive, but their in"
appendix,447,Table E1. Hiring responses across transa,0.0099,artifact,I03:estimates.panelC_trigger_gap_band.treated_pre_mean;I03:estimates.panelC_trigger_gap_band.cells.t_pre;I45:estimates.panelA_composition.corr_dorm_stake,The acquired-stake and sponsor-experience variables are only weakly correlated with the pre-deal hiring state 
appendix,447,Table E1. Hiring responses across transa,0.0919,artifact,I45:estimates.panelA_composition.corr_dorm_gpexp;h41_causal_gap:G1_reselection.original.t-30.paired_diff,The acquired-stake and sponsor-experience variables are only weakly correlated with the pre-deal hiring state 
appendix,451,E.2 Common-sample explanatory content,180,constant/count,,The individual comparisons above use different samples and are not well suited to a direct comparison of expla
appendix,453,E.2 Common-sample explanatory content,"2,000",constant/count,,"On this sample, the transaction-characteristic model contains an indicator for a control transaction, acquired"
appendix,465,Table E2. In-sample explanatory content ,180,constant/count,,Notes. The sample contains 180 events with complete transaction information. The transaction-characteristic mo
appendix,465,Table E2. In-sample explanatory content ,"2,000",constant/count,,Notes. The sample contains 180 events with complete transaction information. The transaction-characteristic mo
appendix,465,Table E2. In-sample explanatory content ,95,constant/count,,Notes. The sample contains 180 events with complete transaction information. The transaction-characteristic mo
appendix,465,Table E2. In-sample explanatory content ,0.0433,artifact,I45:estimates.panelC_joint_test.perm_null_p95_deal;I63:estimates.A' 상태창 ≥6개월.null_mean,Notes. The sample contains 180 events with complete transaction information. The transaction-characteristic mo
appendix,467,Table E2. In-sample explanatory content ,0.92,artifact,I02:estimates.panelB_cloglog.post.HR_ci.0;I06:estimates.panelA_specs.G24|S3 확장처치·기존풀.mean_dist;I06:estimates.panelA_specs.G24|S4 확장처치·확장풀.mean_dist,The observed transaction characteristics jointly explain 0.92 percent of the variation in event-level hiring r
appendix,467,Table E2. In-sample explanatory content ,2.86,artifact-pct,I04c:estimates.panelD_survival.T3.alive|h1.ci.1 (x100);I45:estimates.panelC_joint_test.r2_state (x100),The observed transaction characteristics jointly explain 0.92 percent of the variation in event-level hiring r
appendix,467,Table E2. In-sample explanatory content ,2.61,ledger,D14.ci1,The observed transaction characteristics jointly explain 0.92 percent of the variation in event-level hiring r
appendix,467,Table E2. In-sample explanatory content ,0.68,ledger,D12d.value,The observed transaction characteristics jointly explain 0.92 percent of the variation in event-level hiring r
appendix,471,Table E2. In-sample explanatory content ,12.8,artifact-pct,I33:estimates.baseline.level(rel12 log고용).ci.1 (x100);I45:estimates.covariate_r2 (x100),The broader covariate set used for adjustment explains 12.8 percent of the variation in the event-level respon
appendix,471,Table E2. In-sample explanatory content ,0.6871,artifact,I45:estimates.raw_sd,The broader covariate set used for adjustment explains 12.8 percent of the variation in the event-level respon
appendix,471,Table E2. In-sample explanatory content ,0.6415,artifact,I45:estimates.resid_sd,The broader covariate set used for adjustment explains 12.8 percent of the variation in the event-level respon
appendix,475,E.3 Out-of-sample comparison,180,constant/count,,In-sample explanatory content need not translate into forecasting performance. We therefore repeat the state-v
appendix,486,Table E3. Five-fold out-of-sample compar,180,constant/count,,Notes. Models are estimated using five-fold cross-fitting on the 180-event common sample. A negative out-of-sa
appendix,488,Table E3. Five-fold out-of-sample compar,0.0101,ledger,C38a.value;C75.value,Both out-of-sample  values are negative. The state model performs somewhat less poorly than the transaction-ch
appendix,488,Table E3. Five-fold out-of-sample compar,-0.0349,ledger,C75.ci0,Both out-of-sample  values are negative. The state model performs somewhat less poorly than the transaction-ch
appendix,488,Table E3. Five-fold out-of-sample compar,0.1173,ledger,C75.ci1;C77a.value,Both out-of-sample  values are negative. The state model performs somewhat less poorly than the transaction-ch
appendix,496,E.4 Sponsor identity and persistence acr,-0.2675,ledger,C76.value,The resulting coefficient is −0.2675 across 189 leave-one-out observations. Repeat-deal information is sparse:
appendix,496,E.4 Sponsor identity and persistence acr,189,ledger,C76.n,The resulting coefficient is −0.2675 across 189 leave-one-out observations. Repeat-deal information is sparse:
appendix,496,E.4 Sponsor identity and persistence acr,164,artifact,I45:estimates.panelE_gp_loo_robustness.n_gp,The resulting coefficient is −0.2675 across 189 leave-one-out observations. Repeat-deal information is sparse:
appendix,509,Table E4. Sponsor-identity diagnostics,379,constant/count,,Notes. Each specification predicts an event using the mean response in the same sponsor’s other observed trans
appendix,513,Table E4. Sponsor-identity diagnostics,28.8,artifact-pct,I19:estimates.panelA_samples.PE(연간).pre_inertia_mean (x100);I37:estimates.rows.6.matched (x100),A complementary variance-decomposition exercise provides a more conventional test of persistent sponsor-level 
appendix,513,Table E4. Sponsor-identity diagnostics,25.7,artifact-pct,I17:estimates.panelB_variance.null_p50 (x100);I47:estimates.panelB_iqr_effect.neg_log_volume.effect_per_iqr_adj (x100),A complementary variance-decomposition exercise provides a more conventional test of persistent sponsor-level 
appendix,513,Table E4. Sponsor-identity diagnostics,0.26,ledger,C51.ci1;C60.value;C68.ci1,A complementary variance-decomposition exercise provides a more conventional test of persistent sponsor-level 
appendix,523,E.5 Summary,180,constant/count,,"Second, on the common 180-event sample, the observed transaction characteristics have less in-sample explanato"
appendix,539,F.1 Worker earnings,346,constant/count,,"Across 346 events, average assessed income per worker rises by 0.0096 log points relative to matched controls "
appendix,539,F.1 Worker earnings,0.0096,ledger,C17.value,"Across 346 events, average assessed income per worker rises by 0.0096 log points relative to matched controls "
appendix,539,F.1 Worker earnings,0.0039,ledger,C17.ci0,"Across 346 events, average assessed income per worker rises by 0.0096 log points relative to matched controls "
appendix,539,F.1 Worker earnings,0.0154,ledger,C17.ci1,"Across 346 events, average assessed income per worker rises by 0.0096 log points relative to matched controls "
appendix,543,F.1 Worker earnings,182,constant/count,,"Across 182 events, the treated-control difference in the implied wage measure is 0.0086 [−0.1383, 0.1585]. The"
appendix,543,F.1 Worker earnings,0.0086,ledger,C17a.value;C44a.value,"Across 182 events, the treated-control difference in the implied wage measure is 0.0086 [−0.1383, 0.1585]. The"
appendix,543,F.1 Worker earnings,-0.1383,ledger,C17a.ci0,"Across 182 events, the treated-control difference in the implied wage measure is 0.0086 [−0.1383, 0.1585]. The"
appendix,543,F.1 Worker earnings,0.1585,ledger,C17a.ci1,"Across 182 events, the treated-control difference in the implied wage measure is 0.0086 [−0.1383, 0.1585]. The"
appendix,543,F.1 Worker earnings,20,constant/count,,"Across 182 events, the treated-control difference in the implied wage measure is 0.0086 [−0.1383, 0.1585]. The"
appendix,543,F.1 Worker earnings,6.6,artifact-pct,I02:estimates.panelB_cloglog.treated.coef (x100);I04c:estimates.panelD_survival.T1.alive|h2.ci.1 (x100),"Across 182 events, the treated-control difference in the implied wage measure is 0.0086 [−0.1383, 0.1585]. The"
appendix,565,Panel A. Worker earnings,0.10,ledger,C5a.value;C63.ci1;C94b.ci0,Notes. Assessed income is the National Pension contribution base and is top-coded at the statutory ceiling. Th
appendix,569,F.2 Value added and firm scale,0.0778,ledger,C18.value;C62.ci0,Value added is constructed as operating income plus payroll observed in the pension records. One year after th
appendix,569,F.2 Value added and firm scale,0.0296,ledger,C18.ci0,Value added is constructed as operating income plus payroll observed in the pension records. One year after th
appendix,569,F.2 Value added and firm scale,0.1294,ledger,C18.ci1,Value added is constructed as operating income plus payroll observed in the pension records. One year after th
appendix,569,F.2 Value added and firm scale,-0.0052,ledger,C18a.value;C61.ci0,Value added is constructed as operating income plus payroll observed in the pension records. One year after th
appendix,569,F.2 Value added and firm scale,-0.0333,ledger,C18a.ci0,Value added is constructed as operating income plus payroll observed in the pension records. One year after th
appendix,569,F.2 Value added and firm scale,0.0261,ledger,C18a.ci1;C72a.value,Value added is constructed as operating income plus payroll observed in the pension records. One year after th
appendix,569,F.2 Value added and firm scale,0.10,ledger,C5a.value;C63.ci1;C94b.ci0,Value added is constructed as operating income plus payroll observed in the pension records. One year after th
appendix,586,Table F2. Firm outcomes over three post-,-2,constant/count,,Notes. These are treated-minus-control estimates at the corresponding horizons. The archived appendix records 
appendix,586,Table F2. Firm outcomes over three post-,-3,constant/count,,Notes. These are treated-minus-control estimates at the corresponding horizons. The archived appendix records 
appendix,586,Table F2. Firm outcomes over three post-,-2,constant/count,,Notes. These are treated-minus-control estimates at the corresponding horizons. The archived appendix records 
appendix,586,Table F2. Firm outcomes over three post-,-3,constant/count,,Notes. These are treated-minus-control estimates at the corresponding horizons. The archived appendix records 
appendix,588,Table F2. Firm outcomes over three post-,0.227,artifact,I04b:estimates.panelB_employment_free.log_asset|h1.DiD;I04c:estimates.panelA_value_added.log_asset|h1.DiD;I06:estimates.panelB_decomposition.G24.w_rec,"Value added remains positive in point estimate through year three, although the archived results indicate less"
appendix,588,Table F2. Firm outcomes over three post-,0.180,ledger,D07a.value,"Value added remains positive in point estimate through year three, although the archived results indicate less"
appendix,588,Table F2. Firm outcomes over three post-,0.240,ledger,F03.value,"Value added remains positive in point estimate through year three, although the archived results indicate less"
appendix,594,"F.3 Value added relative to assets, reve",0.099,ledger,C63.ci1;H06a.value,"At the one-year horizon, value added per unit of assets falls by 0.099 log points [−0.177, −0.020]. The asset "
appendix,594,"F.3 Value added relative to assets, reve",-0.177,ledger,H06b.value,"At the one-year horizon, value added per unit of assets falls by 0.099 log points [−0.177, −0.020]. The asset "
appendix,594,"F.3 Value added relative to assets, reve",-0.020,artifact,I02:estimates.panelA_hazard_by_duration.d=3.ci_ratio.0;I04:estimates.panelB_by_inertia.T1 저관성.h2.opm.DiD;I04b:estimates.panelC_nps_full.alive|h2.ci.0,"At the one-year horizon, value added per unit of assets falls by 0.099 log points [−0.177, −0.020]. The asset "
appendix,598,"F.3 Value added relative to assets, reve",0.15,ledger,C5a.ci1;D01b.value;E01b.value,The existing appendix also reports that revenue remains close to the matched-control benchmark over the first 
appendix,600,"F.3 Value added relative to assets, reve",+1,constant/count,,"Revenue, +1 year: [report estimate and 95% CI]"
appendix,600,"F.3 Value added relative to assets, reve",95,constant/count,,"Revenue, +1 year: [report estimate and 95% CI]"
appendix,601,"F.3 Value added relative to assets, reve",+2,constant/count,,"Revenue, +2 years: [report estimate and 95% CI]"
appendix,601,"F.3 Value added relative to assets, reve",95,constant/count,,"Revenue, +2 years: [report estimate and 95% CI]"
appendix,602,"F.3 Value added relative to assets, reve",+3,constant/count,,"Revenue, +3 years: [report estimate and 95% CI]"
appendix,602,"F.3 Value added relative to assets, reve",95,constant/count,,"Revenue, +3 years: [report estimate and 95% CI]"
appendix,604,"F.3 Value added relative to assets, reve",-0.008,ledger,C42.ci0;C44a.ci0;D06a.value,"Return on assets is estimated at −0.008 [−0.037, 0.024]. This interval contains zero and is too wide for the a"
appendix,604,"F.3 Value added relative to assets, reve",-0.037,artifact,I04:estimates.panelB_by_inertia.diff.h2|log_wage.ci.0;I04b:estimates.panelB_employment_free.roa|h1.ci.0;I04c:estimates.panelA_value_added.roa|h1.ci.0,"Return on assets is estimated at −0.008 [−0.037, 0.024]. This interval contains zero and is too wide for the a"
appendix,604,"F.3 Value added relative to assets, reve",0.024,artifact,I03:estimates.panelA_duration_profile.firmFE.se.4;I03:estimates.panelB_gap_profile.pooled.se.3;I04:estimates.panelB_by_inertia.T1 저관성.h1.asset_pe.ci.0,"Return on assets is estimated at −0.008 [−0.037, 0.024]. This interval contains zero and is too wide for the a"
appendix,612,F.4 Survival and longer-horizon sample c,+0.006,ledger,C44.value;D04c.value,"The archived three-year analysis reports treated-control survival differences of +0.006, +0.009, and +0.007 at"
appendix,612,F.4 Survival and longer-horizon sample c,+0.009,ledger,C17a.value;C44a.value;C45.value,"The archived three-year analysis reports treated-control survival differences of +0.006, +0.009, and +0.007 at"
appendix,612,F.4 Survival and longer-horizon sample c,+0.007,ledger,C5b.ci0;C72.value;D09g.value,"The archived three-year analysis reports treated-control survival differences of +0.006, +0.009, and +0.007 at"
appendix,614,F.4 Survival and longer-horizon sample c,-0.136,artifact,I04c:estimates.panelD_survival.T3-T1|h4.diff;I14:estimates.panelC_dose.소수<50%.P1;I47:estimates.panelD_untreated_placebo_fwl.dormancy.ci.0,Extending the analysis to a fourth year changes the composition of the usable sample materially: approximately
appendix,614,F.4 Survival and longer-horizon sample c,-0.256,artifact,I04:estimates.panelB_by_inertia.diff.h2|rev_pe.diff;I04c:estimates.panelD_survival.T3-T1|h4.ci.0,Extending the analysis to a fourth year changes the composition of the usable sample materially: approximately
appendix,614,F.4 Survival and longer-horizon sample c,-0.029,artifact,I04c:estimates.panelA_value_added.alive|h3.ci.0;I04c:estimates.panelB_equivalence.alive|h3.ci.0;I04c:estimates.panelD_survival.T3-T1|h4.ci.1,Extending the analysis to a fourth year changes the composition of the usable sample materially: approximately
appendix,614,F.4 Survival and longer-horizon sample c,0.074,artifact,I04c:estimates.panelB_equivalence.va_pe|h1.margin.1;I04c:estimates.panelB_equivalence.log_rev|h3.margin.0;I36:estimates.specs.(4).terms.treated.coef,Extending the analysis to a fourth year changes the composition of the usable sample materially: approximately
appendix,620,F.5 Sample selection and interpretation,147,constant/count,,The financial-statement analysis covers a different population from the primary hiring-state design. The one-y
appendix,620,F.5 Sample selection and interpretation,286,constant/count,,The financial-statement analysis covers a different population from the primary hiring-state design. The one-y
appendix,634,G.1 Sponsor exits and reversibility,-0.0715,artifact,I05:estimates.panelB_entry_exit_pairs.entry.mean;I05:estimates.discrimination.entry_mean,Only thirteen exits satisfy both requirements for this exercise: a verified sponsor departure and at least twe
appendix,634,G.1 Sponsor exits and reversibility,-0.133,ledger,C43.ci0,Only thirteen exits satisfy both requirements for this exercise: a verified sponsor departure and at least twe
appendix,634,G.1 Sponsor exits and reversibility,-0.009,ledger,R04.ci0,Only thirteen exits satisfy both requirements for this exercise: a verified sponsor departure and at least twe
appendix,634,G.1 Sponsor exits and reversibility,-0.008,ledger,C42.ci0;C44a.ci0;D06a.value,Only thirteen exits satisfy both requirements for this exercise: a verified sponsor departure and at least twe
appendix,634,G.1 Sponsor exits and reversibility,-0.119,artifact,I05:estimates.panelB_entry_exit_pairs.exit.ci.0;I14:estimates.panelC_dose.D3 고지분.zero_ci.0,Only thirteen exits satisfy both requirements for this exercise: a verified sponsor departure and at least twe
appendix,634,G.1 Sponsor exits and reversibility,0.086,artifact,I02:estimates.panelB2_shape.t_lng.se;I05:estimates.panelB_entry_exit_pairs.exit.ci.1;I16:estimates.panelD_hazard_triple.po_buy.p,Only thirteen exits satisfy both requirements for this exercise: a verified sponsor departure and at least twe
appendix,634,G.1 Sponsor exits and reversibility,-0.079,ledger,C86.ci0,Only thirteen exits satisfy both requirements for this exercise: a verified sponsor departure and at least twe
appendix,634,G.1 Sponsor exits and reversibility,-0.212,ledger,C39.ci0,Only thirteen exits satisfy both requirements for this exercise: a verified sponsor departure and at least twe
appendix,634,G.1 Sponsor exits and reversibility,0.034,artifact,I04c:estimates.panelB_equivalence.alive|h1.margin.0;I05:estimates.panelB_entry_exit_pairs.sum.ci.1;I05:estimates.discrimination.sum_ci.1,Only thirteen exits satisfy both requirements for this exercise: a verified sponsor departure and at least twe
appendix,649,Table G1. Sponsor exits and reversibilit,0.194,artifact,I05:estimates.MDE_at_n;I33:estimates.T1_quarterly_ES.level(rel12).q1_over_q12;I45:estimates.panelB_covariate_adjusted.gp_experience.adjusted.half_width,The confidence interval for the combined entry-plus-exit estimate contains both zero and the original entry es
appendix,657,G.2 Not-yet-treated firms as controls,-0.086,ledger,C49.ci0,"We implement this comparison using firms treated at least  months later, a size calliper, and five nearest nei"
appendix,657,G.2 Not-yet-treated firms as controls,-0.165,artifact,I04c:estimates.panelD_survival.T3.alive|h4.ci.0;I06:estimates.panelA_specs.G24|S1 기존처치·기존풀.P1_ci.0,"We implement this comparison using firms treated at least  months later, a size calliper, and five nearest nei"
appendix,657,G.2 Not-yet-treated firms as controls,-0.007,artifact,I04:estimates.panelB_by_inertia.diff.h2|log_wage.diff;I04b:estimates.panelD_by_inertia.diff.log_wage|h2.diff;I04b:estimates.panelD_by_inertia.diff.alive|h1.diff,"We implement this comparison using firms treated at least  months later, a size calliper, and five nearest nei"
appendix,657,G.2 Not-yet-treated firms as controls,-0.058,ledger,D09d.value,"We implement this comparison using firms treated at least  months later, a size calliper, and five nearest nei"
appendix,657,G.2 Not-yet-treated firms as controls,-0.126,artifact,I06:estimates.panelA_specs.G24|S4 확장처치·확장풀.P1_ci.0;h41_causal_gap:G7_rawpath.original.-48.diff,"We implement this comparison using firms treated at least  months later, a size calliper, and five nearest nei"
appendix,657,G.2 Not-yet-treated firms as controls,0.008,ledger,C14.value,"We implement this comparison using firms treated at least  months later, a size calliper, and five nearest nei"
appendix,657,G.2 Not-yet-treated firms as controls,-0.029,artifact,I04c:estimates.panelA_value_added.alive|h3.ci.0;I04c:estimates.panelB_equivalence.alive|h3.ci.0;I04c:estimates.panelD_survival.T3-T1|h4.ci.1,"We implement this comparison using firms treated at least  months later, a size calliper, and five nearest nei"
appendix,657,G.2 Not-yet-treated firms as controls,-0.130,artifact,I06:estimates.panelA_specs.G24|S5 회수전용·확장풀.rel_ci.0;I06:estimates.panelC_collapse_test.G24.P1_ci.0,"We implement this comparison using firms treated at least  months later, a size calliper, and five nearest nei"
appendix,657,G.2 Not-yet-treated firms as controls,0.071,ledger,C92a.value,"We implement this comparison using firms treated at least  months later, a size calliper, and five nearest nei"
appendix,668,Table G2. Not-yet-treated comparison at ,24,constant/count,,"Notes. Controls are firms whose private equity treatment occurs at least 24 months after the focal event, sele"
appendix,678,G.3 Non-private-equity ownership changes,0.0050,ledger,C39b.value,The non-private-equity ownership-change group exhibits little movement in the labour outcomes. Its estimated c
appendix,678,G.3 Non-private-equity ownership changes,-0.007,artifact,I04:estimates.panelB_by_inertia.diff.h2|log_wage.diff;I04b:estimates.panelD_by_inertia.diff.log_wage|h2.diff;I04b:estimates.panelD_by_inertia.diff.alive|h1.diff,The non-private-equity ownership-change group exhibits little movement in the labour outcomes. Its estimated c
appendix,678,G.3 Non-private-equity ownership changes,0.018,ledger,C77b.value,The non-private-equity ownership-change group exhibits little movement in the labour outcomes. Its estimated c
appendix,678,G.3 Non-private-equity ownership changes,0.002,ledger,D08c.value;D09c.value;E07a.value,The non-private-equity ownership-change group exhibits little movement in the labour outcomes. Its estimated c
appendix,678,G.3 Non-private-equity ownership changes,-0.017,ledger,C74.value;R06.ci0,The non-private-equity ownership-change group exhibits little movement in the labour outcomes. Its estimated c
appendix,678,G.3 Non-private-equity ownership changes,0.025,ledger,C44a.ci1;C71a.value;R02.ci1,The non-private-equity ownership-change group exhibits little movement in the labour outcomes. Its estimated c
appendix,693,Table G3. Labour outcomes around non-pri,-0.000008,artifact,I19c:estimates.panelB_own_dose.slope_per_pct,Additional classifications do not resolve the problem. Estimates for six subgroups intended to isolate clearer
appendix,699,G.4 Post-deal cash and financial slack,0.033,artifact,I04:estimates.panelB_by_inertia.diff.h1|rev_pe.ci.1;I04b:estimates.panelC_nps_full.log_wage|h3.ci.1;I04c:estimates.panelB_equivalence.log_rev|h1.margin.0,The final exploratory exercise considers whether the hiring response is associated with changes in financial s
appendix,699,G.4 Post-deal cash and financial slack,0.010,ledger,C5c.ci1;C17.value;C38a.value,The final exploratory exercise considers whether the hiring response is associated with changes in financial s
appendix,699,G.4 Post-deal cash and financial slack,0.056,artifact,I19b:estimates.panelA_subtypes.전체.T3_T1.ci.1;I21:estimates.panelA_cash_path.Y0+0.ci.1;I32:estimates.panelB_quarterly_ES.beta.q7.b,The final exploratory exercise considers whether the hiring response is associated with changes in financial s
appendix,701,G.4 Post-deal cash and financial slack,-0.063,artifact,I14:estimates.panelC_dose.다수>=50%.zero_DiD;I21:estimates.panelC_conditional.C1 현금감소.DiD;I22:estimates.panelC_wage_emp_slope.ci.0,We additionally split targets according to their post-deal change in cash. Firms in the bottom tercile of this
appendix,701,G.4 Post-deal cash and financial slack,-0.104,artifact,I21:estimates.panelC_conditional.C1 현금감소.ci.0;I46:estimates.panelC_free_N24.dorm_given_logN.coef,We additionally split targets according to their post-deal change in cash. Firms in the bottom tercile of this
appendix,701,G.4 Post-deal cash and financial slack,-0.019,artifact,I02:estimates.panelA_hazard_by_duration.d=2.DiD_ratio;I04:estimates.panelA_overall.h1.log_rev.DiD;I04b:estimates.panelA_decomposition.log_rev|h1.DiD,We additionally split targets according to their post-deal change in cash. Firms in the bottom tercile of this
appendix,707,G.4 Post-deal cash and financial slack,-0.063,artifact,I14:estimates.panelC_dose.다수>=50%.zero_DiD;I21:estimates.panelC_conditional.C1 현금감소.DiD;I22:estimates.panelC_wage_emp_slope.ci.0,The exact top-tercile estimate and the precise outcome definition for the −0.063 estimate are not preserved in
appendix,725,H.1 Post-deal hiring hazard,"48,853",constant/count,,"The hazard sample contains 48,853 firm-month observations associated with the 379 baseline matched events. The"
appendix,725,H.1 Post-deal hiring hazard,379,constant/count,,"The hazard sample contains 48,853 firm-month observations associated with the 379 baseline matched events. The"
appendix,734,Table H1. Supplementary monthly hiring h,379,constant/count,,"Sample: 379 matched events; 48,853 firm-month observations."
appendix,734,Table H1. Supplementary monthly hiring h,"48,853",constant/count,,"Sample: 379 matched events; 48,853 firm-month observations."
appendix,739,Table H1. Supplementary monthly hiring h,379,constant/count,,Notes. The outcome is the monthly hiring hazard. The reported hazard ratio compares the post-deal change for t
appendix,739,Table H1. Supplementary monthly hiring h,"48,853",constant/count,,Notes. The outcome is the monthly hiring hazard. The reported hazard ratio compares the post-deal change for t
appendix,741,Table H1. Supplementary monthly hiring h,15.9,artifact-pct,I22:estimates.panelB_marginal_wage_ratio.DiD.ci.1 (x100);I47:estimates.panelA_fwl_adjusted.neg_log_rate.median_raw.diff (x100),The estimate implies a 15.9 percent higher conditional monthly hiring hazard after the transaction. This resul
appendix,749,H.2 The hiring-state interaction in the ,1.204,ledger,C9.value,"The archived discrete-time hazard analysis illustrates this trade-off. Under the earlier matching procedure, w"
appendix,749,H.2 The hiring-state interaction in the ,1.021,ledger,C9.ci0,"The archived discrete-time hazard analysis illustrates this trade-off. Under the earlier matching procedure, w"
appendix,749,H.2 The hiring-state interaction in the ,1.421,ledger,C9.ci1,"The archived discrete-time hazard analysis illustrates this trade-off. Under the earlier matching procedure, w"
appendix,749,H.2 The hiring-state interaction in the ,1.507,ledger,D14.value,"The archived discrete-time hazard analysis illustrates this trade-off. Under the earlier matching procedure, w"
appendix,749,H.2 The hiring-state interaction in the ,0.871,ledger,D14.ci0,"The archived discrete-time hazard analysis illustrates this trade-off. Under the earlier matching procedure, w"
appendix,749,H.2 The hiring-state interaction in the ,2.609,ledger,D14.ci1,"The archived discrete-time hazard analysis illustrates this trade-off. Under the earlier matching procedure, w"
appendix,749,H.2 The hiring-state interaction in the ,"1,199",ledger,D14.n,"The archived discrete-time hazard analysis illustrates this trade-off. Under the earlier matching procedure, w"
appendix,760,Table H2. State interaction in the month,"1,199",ledger,D14.n,Notes. Entries report the treated-by-post-by-state interaction in the archived discrete-time hazard analysis. 
appendix,768,H.3 Interpretation,1.159,ledger,C1.value,"The monthly hazard analysis complements, rather than replaces, the main window-based estimands. Targets displa"
appendix,768,H.3 Interpretation,1.083,ledger,C1.ci0,"The monthly hazard analysis complements, rather than replaces, the main window-based estimands. Targets displa"
appendix,768,H.3 Interpretation,1.241,ledger,C1.ci1,"The monthly hazard analysis complements, rather than replaces, the main window-based estimands. Targets displa"
